时间t	称重电压
0.0000	0.00035877
0.1111	0.00035869
0.2222	0.00035870
0.3333	0.00035869
0.4444	0.00035863
0.5556	0.00035867
0.6667	0.00035877
0.7778	0.00035864
0.8889	0.00035881
1.0000	0.00035859
1.1111	0.00035866
1.2222	0.00035873
1.3333	0.00035874
1.4444	0.00035858
1.5556	0.00035872
1.6667	0.00035872
1.7778	0.00035857
1.8889	0.00035856
2.0000	0.00035871
2.1111	0.00035839
2.2222	0.00035833
2.3333	0.00035886
2.4444	0.00035867
2.5556	0.00035860
2.6667	0.00035829
2.7778	0.00035854
2.8889	0.00035886
3.0000	0.00035854
3.1111	0.00035848
3.2222	0.00035853
3.3333	0.00035861
3.4444	0.00035865
3.5556	0.00035896
3.6667	0.00035864
3.7778	0.00035860
3.8889	0.00035858
4.0000	0.00035851
4.1111	0.00035849
4.2222	0.00035857
4.3333	0.00035866
4.4444	0.00035852
4.5556	0.00035874
4.6667	0.00035843
4.7778	0.00035853
4.8889	0.00035868
5.0000	0.00035856
5.1111	0.00035853
5.2222	0.00035852
5.3333	0.00035860
5.4444	0.00035843
5.5556	0.00035851
5.6667	0.00035855
5.7778	0.00035851
5.8889	0.00035846
6.0000	0.00035854
6.1111	0.00035856
6.2222	0.00035859
6.3333	0.00035849
6.4444	0.00035840
6.5556	0.00035850
6.6667	0.00035859
6.7778	0.00035855
6.8889	0.00035847
7.0000	0.00035849
7.1111	0.00035866
7.2222	0.00035845
7.3333	0.00035837
7.4444	0.00035866
7.5556	0.00035832
7.6667	0.00035860
7.7778	0.00035858
7.8889	0.00035863
8.0000	0.00035869
8.1111	0.00035850
8.2222	0.00035855
8.3333	0.00035847
8.4444	0.00035850
8.5556	0.00035846
8.6667	0.00035838
8.7778	0.00035848
8.8889	0.00035853
9.0000	0.00035848
9.1111	0.00035841
9.2222	0.00035849
9.3333	0.00035860
9.4444	0.00035846
9.5556	0.00035851
9.6667	0.00035841
9.7778	0.00035849
9.8889	0.00035861
10.0000	0.00035842
10.1111	0.00035833
10.2222	0.00035851
10.3333	0.00035848
10.4444	0.00035847
10.5556	0.00035847
10.6667	0.00035840
10.7778	0.00035846
10.8889	0.00035849
11.0000	0.00035855
11.1111	0.00035845
11.2222	0.00035836
11.3333	0.00035847
11.4444	0.00035845
11.5556	0.00035848
11.6667	0.00035843
11.7778	0.00035845
11.8889	0.00035845
12.0000	0.00035844
12.1111	0.00035839
12.2222	0.00035842
12.3333	0.00035840
12.4444	0.00035835
12.5556	0.00035830
12.6667	0.00035851
12.7778	0.00035846
12.8889	0.00035836
13.0000	0.00035821
13.1111	0.00035831
13.2222	0.00035832
13.3333	0.00035842
13.4444	0.00035855
13.5556	0.00035838
13.6667	0.00035832
13.7778	0.00035840
13.8889	0.00035839
14.0000	0.00035841
14.1111	0.00035850
14.2222	0.00035829
14.3333	0.00035835
14.4444	0.00035836
14.5556	0.00035844
14.6667	0.00035852
14.7778	0.00035843
14.8889	0.00035832
15.0000	0.00035841
15.1111	0.00035849
15.2222	0.00035842
15.3333	0.00035846
15.4444	0.00035838
15.5556	0.00035843
15.6667	0.00035842
15.7778	0.00035856
15.8889	0.00035845
16.0000	0.00035844
16.1111	0.00035842
16.2222	0.00035828
16.3333	0.00035850
16.4444	0.00035836
16.5556	0.00035859
16.6667	0.00035843
16.7778	0.00035823
16.8889	0.00035837
17.0000	0.00035834
17.1111	0.00035831
17.2222	0.00035836
17.3333	0.00035837
17.4444	0.00035823
17.5556	0.00035832
17.6667	0.00035838
17.7778	0.00035838
17.8889	0.00035832
18.0000	0.00035820
18.1111	0.00035825
18.2222	0.00035834
18.3333	0.00035847
18.4444	0.00035829
18.5556	0.00035831
18.6667	0.00035828
18.7778	0.00035834
18.8889	0.00035835
19.0000	0.00035824
19.1111	0.00035819
19.2222	0.00035812
19.3333	0.00035828
19.4444	0.00035815
19.5556	0.00035818
19.6667	0.00035826
19.7778	0.00035828
19.8889	0.00035831
20.0000	0.00035833
20.1111	0.00035819
20.2222	0.00035852
20.3333	0.00035822
20.4444	0.00035828
20.5556	0.00035859
20.6667	0.00035778
20.7778	0.00035815
20.8889	0.00035850
21.0000	0.00035834
21.1111	0.00035771
21.2222	0.00035761
21.3333	0.00035875
21.4444	0.00035806
21.5556	0.00035815
21.6667	0.00035812
21.7778	0.00035826
21.8889	0.00035815
22.0000	0.00035806
22.1111	0.00035839
22.2222	0.00035801
22.3333	0.00035673
22.4444	0.00035800
22.5556	0.00035881
22.6667	0.00035822
22.7778	0.00035802
22.8889	0.00035816
23.0000	0.00035818
23.1111	0.00035821
23.2222	0.00035814
23.3333	0.00035825
23.4444	0.00035819
23.5556	0.00035817
23.6667	0.00035824
23.7778	0.00035819
23.8889	0.00035829
24.0000	0.00035823
24.1111	0.00035833
24.2222	0.00035800
24.3333	0.00035807
24.4444	0.00035838
24.5556	0.00035829
24.6667	0.00035809
24.7778	0.00035807
24.8889	0.00035822
25.0000	0.00035827
25.1111	0.00035818
25.2222	0.00035807
25.3333	0.00035809
25.4444	0.00035829
25.5556	0.00035814
25.6667	0.00035819
25.7778	0.00035832
25.8889	0.00035816
26.0000	0.00035821
26.1111	0.00035819
26.2222	0.00035812
26.3333	0.00035825
26.4444	0.00035813
26.5556	0.00035812
26.6667	0.00035828
26.7778	0.00035818
26.8889	0.00035808
27.0000	0.00035807
27.1111	0.00035812
27.2222	0.00035810
27.3333	0.00035818
27.4444	0.00035816
27.5556	0.00035820
27.6667	0.00035825
27.7778	0.00035807
27.8889	0.00035817
28.0000	0.00035819
28.1111	0.00035814
28.2222	0.00035809
28.3333	0.00035831
28.4444	0.00035797
28.5556	0.00035807
28.6667	0.00035835
28.7778	0.00035834
28.8889	0.00035799
29.0000	0.00035807
29.1111	0.00035819
29.2222	0.00035827
29.3333	0.00035791
29.4444	0.00035798
29.5556	0.00035810
29.6667	0.00035817
29.7778	0.00035794
29.8889	0.00035793
30.0000	0.00035797
30.1111	0.00035807
30.2222	0.00035796
30.3333	0.00035806
30.4444	0.00035808
30.5556	0.00035798
30.6667	0.00035807
30.7778	0.00035786
30.8889	0.00035811
31.0000	0.00035796
31.1111	0.00035800
31.2222	0.00035818
31.3333	0.00035794
31.4444	0.00035806
31.5556	0.00035805
31.6667	0.00035809
31.7778	0.00035812
31.8889	0.00035819
32.0000	0.00035807
32.1111	0.00035795
32.2222	0.00035790
32.3333	0.00035780
32.4444	0.00035811
32.5556	0.00035815
32.6667	0.00035812
32.7778	0.00035811
32.8889	0.00035796
33.0000	0.00035816
33.1111	0.00035793
33.2222	0.00035795
33.3333	0.00035793
33.4444	0.00035814
33.5556	0.00035815
33.6667	0.00035807
33.7778	0.00035801
33.8889	0.00035798
34.0000	0.00035798
34.1111	0.00035806
34.2222	0.00035810
34.3333	0.00035803
34.4444	0.00035794
34.5556	0.00035801
34.6667	0.00035806
34.7778	0.00035791
34.8889	0.00035799
35.0000	0.00035790
35.1111	0.00035802
35.2222	0.00035800
35.3333	0.00035807
35.4444	0.00035799
35.5556	0.00035786
35.6667	0.00035794
35.7778	0.00035779
35.8889	0.00035783
36.0000	0.00035789
36.1111	0.00035793
36.2222	0.00035793
36.3333	0.00035792
36.4444	0.00035780
36.5556	0.00035781
36.6667	0.00035771
36.7778	0.00035778
36.8889	0.00035781
37.0000	0.00035785
37.1111	0.00035802
37.2222	0.00035795
37.3333	0.00035801
37.4444	0.00035784
37.5556	0.00035811
37.6667	0.00035796
37.7778	0.00035791
37.8889	0.00035795
38.0000	0.00035781
38.1111	0.00035781
38.2222	0.00035761
38.3333	0.00035775
38.4444	0.00035810
38.5556	0.00035812
38.6667	0.00035786
38.7778	0.00035785
38.8889	0.00035794
39.0000	0.00035790
39.1111	0.00035813
39.2222	0.00035790
39.3333	0.00035763
39.4444	0.00035761
39.5556	0.00035803
39.6667	0.00035824
39.7778	0.00035795
39.8889	0.00035786
40.0000	0.00035789
40.1111	0.00035783
40.2222	0.00035786
40.3333	0.00035801
40.4444	0.00035777
40.5556	0.00035783
40.6667	0.00035790
40.7778	0.00035791
40.8889	0.00035779
41.0000	0.00035788
41.1111	0.00035796
41.2222	0.00035795
41.3333	0.00035777
41.4444	0.00035776
41.5556	0.00035792
41.6667	0.00035808
41.7778	0.00035767
41.8889	0.00035791
42.0000	0.00035786
42.1111	0.00035775
42.2222	0.00035776
42.3333	0.00035783
42.4444	0.00035795
42.5556	0.00035789
42.6667	0.00035778
42.7778	0.00035788
42.8889	0.00035774
43.0000	0.00035802
43.1111	0.00035794
43.2222	0.00035781
43.3333	0.00035762
43.4444	0.00035784
43.5556	0.00035775
43.6667	0.00035785
43.7778	0.00035788
43.8889	0.00035770
44.0000	0.00035791
44.1111	0.00035785
44.2222	0.00035786
44.3333	0.00035802
44.4444	0.00035788
44.5556	0.00035778
44.6667	0.00035781
44.7778	0.00035783
44.8889	0.00035783
45.0000	0.00035775
45.1111	0.00035752
45.2222	0.00035779
45.3333	0.00035787
45.4444	0.00035787
45.5556	0.00035772
45.6667	0.00035780
45.7778	0.00035776
45.8889	0.00035773
46.0000	0.00035799
46.1111	0.00035774
46.2222	0.00035774
46.3333	0.00035781
46.4444	0.00035774
46.5556	0.00035780
46.6667	0.00035780
46.7778	0.00035778
46.8889	0.00035790
47.0000	0.00035787
47.1111	0.00035773
47.2222	0.00035771
47.3333	0.00035771
47.4444	0.00035767
47.5556	0.00035770
47.6667	0.00035774
47.7778	0.00035771
47.8889	0.00035765
48.0000	0.00035773
48.1111	0.00035756
48.2222	0.00035761
48.3333	0.00035784
48.4444	0.00035783
48.5556	0.00035773
48.6667	0.00035762
48.7778	0.00035783
48.8889	0.00035761
49.0000	0.00035757
49.1111	0.00035771
49.2222	0.00035764
49.3333	0.00035767
49.4444	0.00035777
49.5556	0.00035751
49.6667	0.00035777
49.7778	0.00035755
49.8889	0.00035770
50.0000	0.00035780
50.1111	0.00035771
50.2222	0.00035738
50.3333	0.00035752
50.4444	0.00035768
50.5556	0.00035774
50.6667	0.00035740
50.7778	0.00035767
50.8889	0.00035772
51.0000	0.00035755
51.1111	0.00035758
51.2222	0.00035769
51.3333	0.00035769
51.4444	0.00035767
51.5556	0.00035761
51.6667	0.00035761
51.7778	0.00035756
51.8889	0.00035761
52.0000	0.00035770
52.1111	0.00035765
52.2222	0.00035763
52.3333	0.00035764
52.4444	0.00035754
52.5556	0.00035766
52.6667	0.00035756
52.7778	0.00035757
52.8889	0.00035752
53.0000	0.00035758
53.1111	0.00035759
53.2222	0.00035755
53.3333	0.00035748
53.4444	0.00035775
53.5556	0.00035751
53.6667	0.00035760
53.7778	0.00035758
53.8889	0.00035755
54.0000	0.00035768
54.1111	0.00035736
54.2222	0.00035749
54.3333	0.00035746
54.4444	0.00035755
54.5556	0.00035748
54.6667	0.00035754
54.7778	0.00035757
54.8889	0.00035750
55.0000	0.00035746
55.1111	0.00035745
55.2222	0.00035754
55.3333	0.00035753
55.4444	0.00035762
55.5556	0.00035768
55.6667	0.00035758
55.7778	0.00035741
55.8889	0.00035749
56.0000	0.00035758
56.1111	0.00035743
56.2222	0.00035754
56.3333	0.00035757
56.4444	0.00035748
56.5556	0.00035769
56.6667	0.00035748
56.7778	0.00035745
56.8889	0.00035750
57.0000	0.00035748
57.1111	0.00035769
57.2222	0.00035749
57.3333	0.00035759
57.4444	0.00035743
57.5556	0.00035734
57.6667	0.00035752
57.7778	0.00035751
57.8889	0.00035751
58.0000	0.00035756
58.1111	0.00035745
58.2222	0.00035743
58.3333	0.00035762
58.4444	0.00035737
58.5556	0.00035745
58.6667	0.00035744
58.7778	0.00035733
58.8889	0.00035755
59.0000	0.00035741
59.1111	0.00035512
59.2222	0.00035822
59.3333	0.00035780
59.4444	0.00035707
59.5556	0.00035732
59.6667	0.00035742
59.7778	0.00035744
59.8889	0.00035742
60.0000	0.00035750
60.1111	0.00035731
60.2222	0.00035730
60.3333	0.00035757
60.4444	0.00035741
60.5556	0.00035733
60.6667	0.00035763
60.7778	0.00035741
60.8889	0.00035744
61.0000	0.00035739
61.1111	0.00035743
61.2222	0.00035732
61.3333	0.00035738
61.4444	0.00035746
61.5556	0.00035738
61.6667	0.00035745
61.7778	0.00035739
61.8889	0.00035755
62.0000	0.00035737
62.1111	0.00035737
62.2222	0.00035730
62.3333	0.00035751
62.4444	0.00035733
62.5556	0.00035757
62.6667	0.00035743
62.7778	0.00035708
62.8889	0.00035733
63.0000	0.00035738
63.1111	0.00035759
63.2222	0.00035733
63.3333	0.00035731
63.4444	0.00035748
63.5556	0.00035755
63.6667	0.00035745
63.7778	0.00035742
63.8889	0.00035738
64.0000	0.00035728
64.1111	0.00035734
64.2222	0.00035756
64.3333	0.00035748
64.4444	0.00035727
64.5556	0.00035712
64.6667	0.00035737
64.7778	0.00035757
64.8889	0.00035745
65.0000	0.00035738
65.1111	0.00035731
65.2222	0.00035725
65.3333	0.00035731
65.4444	0.00035753
65.5556	0.00035734
65.6667	0.00035727
65.7778	0.00035723
65.8889	0.00035733
66.0000	0.00035742
66.1111	0.00035732
66.2222	0.00035728
66.3333	0.00035720
66.4444	0.00035732
66.5556	0.00035740
66.6667	0.00035741
66.7778	0.00035730
66.8889	0.00035735
67.0000	0.00035726
67.1111	0.00035746
67.2222	0.00035725
67.3333	0.00035729
67.4444	0.00035742
67.5556	0.00035712
67.6667	0.00035746
67.7778	0.00035736
67.8889	0.00035750
68.0000	0.00035731
68.1111	0.00035722
68.2222	0.00035730
68.3333	0.00035721
68.4444	0.00035717
68.5556	0.00035723
68.6667	0.00035735
68.7778	0.00035731
68.8889	0.00035720
69.0000	0.00035717
69.1111	0.00035734
69.2222	0.00035721
69.3333	0.00035737
69.4444	0.00035718
69.5556	0.00035715
69.6667	0.00035738
69.7778	0.00035728
69.8889	0.00035723
70.0000	0.00035729
70.1111	0.00035717
70.2222	0.00035727
70.3333	0.00035729
70.4444	0.00035728
70.5556	0.00035726
70.6667	0.00035724
70.7778	0.00035719
70.8889	0.00035712
71.0000	0.00035727
71.1111	0.00035728
71.2222	0.00035726
71.3333	0.00035720
71.4444	0.00035733
71.5556	0.00035726
71.6667	0.00035738
71.7778	0.00035714
71.8889	0.00035714
72.0000	0.00035717
72.1111	0.00035715
72.2222	0.00035712
72.3333	0.00035733
72.4444	0.00035728
72.5556	0.00035731
72.6667	0.00035714
72.7778	0.00035722
72.8889	0.00035724
73.0000	0.00035715
73.1111	0.00035715
73.2222	0.00035701
73.3333	0.00035726
73.4444	0.00035700
73.5556	0.00035725
73.6667	0.00035715
73.7778	0.00035726
73.8889	0.00035707
74.0000	0.00035708
74.1111	0.00035724
74.2222	0.00035706
74.3333	0.00035707
74.4444	0.00035720
74.5556	0.00035736
74.6667	0.00035720
74.7778	0.00035725
74.8889	0.00035721
75.0000	0.00035713
75.1111	0.00035715
75.2222	0.00035716
75.3333	0.00035724
75.4444	0.00035709
75.5556	0.00035714
75.6667	0.00035716
75.7778	0.00035717
75.8889	0.00035720
76.0000	0.00035712
76.1111	0.00035709
76.2222	0.00035705
76.3333	0.00035721
76.4444	0.00035719
76.5556	0.00035708
76.6667	0.00035712
76.7778	0.00035710
76.8889	0.00035721
77.0000	0.00035697
77.1111	0.00035721
77.2222	0.00035710
77.3333	0.00035715
77.4444	0.00035715
77.5556	0.00035706
77.6667	0.00035714
77.7778	0.00035708
77.8889	0.00035706
78.0000	0.00035711
78.1111	0.00035706
78.2222	0.00035716
78.3333	0.00035683
78.4444	0.00035705
78.5556	0.00035707
78.6667	0.00035716
78.7778	0.00035700
78.8889	0.00035707
79.0000	0.00035701
79.1111	0.00035704
79.2222	0.00035708
79.3333	0.00035704
79.4444	0.00035705
79.5556	0.00035699
79.6667	0.00035714
79.7778	0.00035706
79.8889	0.00035704
80.0000	0.00035705
80.1111	0.00035702
80.2222	0.00035710
80.3333	0.00035701
80.4444	0.00035700
80.5556	0.00035702
80.6667	0.00035692
80.7778	0.00035729
80.8889	0.00035758
81.0000	0.00035816
81.1111	0.00035887
81.2222	0.00036294
81.3333	0.00036237
81.4444	0.00036259
81.5556	0.00035831
81.6667	0.00036830
81.7778	0.00036183
81.8889	0.00035777
82.0000	0.00036010
82.1111	0.00036005
82.2222	0.00036160
82.3333	0.00036639
82.4444	0.00036290
82.5556	0.00036403
82.6667	0.00036764
82.7778	0.00036263
82.8889	0.00036787
83.0000	0.00036413
83.1111	0.00036201
83.2222	0.00035869
83.3333	0.00037247
83.4444	0.00036210
83.5556	0.00036034
83.6667	0.00036705
83.7778	0.00036045
83.8889	0.00036491
84.0000	0.00036199
84.1111	0.00036486
84.2222	0.00036423
84.3333	0.00035788
84.4444	0.00036344
84.5556	0.00035913
84.6667	0.00036421
84.7778	0.00036383
84.8889	0.00036190
85.0000	0.00036538
85.1111	0.00036395
85.2222	0.00036349
85.3333	0.00036538
85.4444	0.00036351
85.5556	0.00036155
85.6667	0.00036082
85.7778	0.00036332
85.8889	0.00036191
86.0000	0.00036167
86.1111	0.00035955
86.2222	0.00036147
86.3333	0.00036341
86.4444	0.00036348
86.5556	0.00036430
86.6667	0.00035877
86.7778	0.00036138
86.8889	0.00036838
87.0000	0.00035950
87.1111	0.00036503
87.2222	0.00035954
87.3333	0.00036587
87.4444	0.00036124
87.5556	0.00036421
87.6667	0.00035627
87.7778	0.00035936
87.8889	0.00036344
88.0000	0.00036198
88.1111	0.00035862
88.2222	0.00036599
88.3333	0.00036402
88.4444	0.00036414
88.5556	0.00035982
88.6667	0.00036010
88.7778	0.00036058
88.8889	0.00035933
89.0000	0.00036266
89.1111	0.00035797
89.2222	0.00036409
89.3333	0.00035909
89.4444	0.00036050
89.5556	0.00036156
89.6667	0.00036692
89.7778	0.00035928
89.8889	0.00036413
90.0000	0.00035730
90.1111	0.00035656
90.2222	0.00036388
90.3333	0.00036140
90.4444	0.00036316
90.5556	0.00035960
90.6667	0.00036160
90.7778	0.00036122
90.8889	0.00035755
91.0000	0.00036163
91.1111	0.00036178
91.2222	0.00035957
91.3333	0.00036248
91.4444	0.00035910
91.5556	0.00035923
91.6667	0.00036258
91.7778	0.00035670
91.8889	0.00036447
92.0000	0.00036006
92.1111	0.00035982
92.2222	0.00036155
92.3333	0.00035950
92.4444	0.00036419
92.5556	0.00036081
92.6667	0.00036301
92.7778	0.00036240
92.8889	0.00035941
93.0000	0.00036089
93.1111	0.00036262
93.2222	0.00036096
93.3333	0.00035791
93.4444	0.00036228
93.5556	0.00035942
93.6667	0.00036097
93.7778	0.00035690
93.8889	0.00035878
94.0000	0.00036199
94.1111	0.00036013
94.2222	0.00036331
94.3333	0.00035903
94.4444	0.00035843
94.5556	0.00035878
94.6667	0.00035774
94.7778	0.00036035
94.8889	0.00036247
95.0000	0.00035837
95.1111	0.00036197
95.2222	0.00036055
95.3333	0.00035990
95.4444	0.00036353
95.5556	0.00036123
95.6667	0.00035994
95.7778	0.00035993
95.8889	0.00036290
96.0000	0.00035873
96.1111	0.00035964
96.2222	0.00036192
96.3333	0.00036062
96.4444	0.00036064
96.5556	0.00036402
96.6667	0.00035786
96.7778	0.00036019
96.8889	0.00035810
97.0000	0.00036160
97.1111	0.00036236
97.2222	0.00035936
97.3333	0.00035982
97.4444	0.00035924
97.5556	0.00035849
97.6667	0.00036229
97.7778	0.00035672
97.8889	0.00035918
98.0000	0.00035816
98.1111	0.00036402
98.2222	0.00036007
98.3333	0.00036012
98.4444	0.00036074
98.5556	0.00035728
98.6667	0.00035793
98.7778	0.00035683
98.8889	0.00036101
99.0000	0.00036058
99.1111	0.00036367
99.2222	0.00036154
99.3333	0.00035985
99.4444	0.00035761
99.5556	0.00035775
99.6667	0.00035945
99.7778	0.00036183
99.8889	0.00035783
100.0000	0.00036017
100.1111	0.00036068
100.2222	0.00035996
100.3333	0.00036203
100.4444	0.00036105
100.5556	0.00035753
100.6667	0.00036271
100.7778	0.00035960
100.8889	0.00035997
101.0000	0.00036034
101.1111	0.00035888
101.2222	0.00036047
101.3333	0.00036116
101.4444	0.00036163
101.5556	0.00035984
101.6667	0.00035930
101.7778	0.00035989
101.8889	0.00035957
102.0000	0.00035889
102.1111	0.00035669
102.2222	0.00035843
102.3333	0.00036168
102.4444	0.00036008
102.5556	0.00035872
102.6667	0.00036076
102.7778	0.00035802
102.8889	0.00036102
103.0000	0.00036036
103.1111	0.00036066
103.2222	0.00036050
103.3333	0.00036024
103.4444	0.00035676
103.5556	0.00036180
103.6667	0.00036047
103.7778	0.00036119
103.8889	0.00035983
104.0000	0.00035721
104.1111	0.00036005
104.2222	0.00035997
104.3333	0.00035900
104.4444	0.00036162
104.5556	0.00035851
104.6667	0.00036017
104.7778	0.00035755
104.8889	0.00035924
105.0000	0.00036064
105.1111	0.00035970
105.2222	0.00035981
105.3333	0.00035877
105.4444	0.00035832
105.5556	0.00035761
105.6667	0.00035683
105.7778	0.00035932
105.8889	0.00035781
106.0000	0.00035787
106.1111	0.00035749
106.2222	0.00035832
106.3333	0.00035933
106.4444	0.00035854
106.5556	0.00035940
106.6667	0.00035861
106.7778	0.00035944
106.8889	0.00035888
107.0000	0.00036182
107.1111	0.00035743
107.2222	0.00036048
107.3333	0.00036165
107.4444	0.00035865
107.5556	0.00035949
107.6667	0.00036019
107.7778	0.00035959
107.8889	0.00035840
108.0000	0.00035921
108.1111	0.00035889
108.2222	0.00035729
108.3333	0.00035763
108.4444	0.00035864
108.5556	0.00035774
108.6667	0.00036146
108.7778	0.00035733
108.8889	0.00035929
109.0000	0.00035661
109.1111	0.00035825
109.2222	0.00035761
109.3333	0.00035963
109.4444	0.00035913
109.5556	0.00035857
109.6667	0.00035966
109.7778	0.00035816
109.8889	0.00035980
110.0000	0.00035958
110.1111	0.00035749
110.2222	0.00035832
110.3333	0.00035820
110.4444	0.00035772
110.5556	0.00036040
110.6667	0.00035891
110.7778	0.00035825
110.8889	0.00035782
111.0000	0.00035876
111.1111	0.00035651
111.2222	0.00035848
111.3333	0.00035712
111.4444	0.00035860
111.5556	0.00035928
111.6667	0.00035771
111.7778	0.00035968
111.8889	0.00035793
112.0000	0.00035786
112.1111	0.00035759
112.2222	0.00036001
112.3333	0.00035871
112.4444	0.00035785
112.5556	0.00035906
112.6667	0.00035942
112.7778	0.00035861
112.8889	0.00035928
113.0000	0.00035727
113.1111	0.00035828
113.2222	0.00035920
113.3333	0.00035924
113.4444	0.00035798
113.5556	0.00035919
113.6667	0.00035766
113.7778	0.00035773
113.8889	0.00035784
114.0000	0.00035690
114.1111	0.00036116
114.2222	0.00035654
114.3333	0.00035765
114.4444	0.00035634
114.5556	0.00035894
114.6667	0.00035939
114.7778	0.00036066
114.8889	0.00035145
115.0000	0.00035921
115.1111	0.00035859
115.2222	0.00036361
115.3333	0.00035872
115.4444	0.00036021
115.5556	0.00036044
115.6667	0.00036404
115.7778	0.00035623
115.8889	0.00035867
116.0000	0.00035902
116.1111	0.00035712
116.2222	0.00035875
116.3333	0.00035882
116.4444	0.00035748
116.5556	0.00035840
116.6667	0.00035666
116.7778	0.00035858
116.8889	0.00035738
117.0000	0.00035783
117.1111	0.00035778
117.2222	0.00035716
117.3333	0.00035830
117.4444	0.00035723
117.5556	0.00035796
117.6667	0.00035741
117.7778	0.00035772
117.8889	0.00035800
118.0000	0.00035736
118.1111	0.00035806
118.2222	0.00035725
118.3333	0.00035776
118.4444	0.00035774
118.5556	0.00035755
118.6667	0.00035796
118.7778	0.00035741
118.8889	0.00035793
119.0000	0.00035744
119.1111	0.00035752
119.2222	0.00035762
119.3333	0.00035759
119.4444	0.00035777
119.5556	0.00035763
119.6667	0.00035762
119.7778	0.00035736
119.8889	0.00035765
120.0000	0.00035811
120.1111	0.00035680
120.2222	0.00035785
120.3333	0.00035768
120.4444	0.00035764
120.5556	0.00035768
120.6667	0.00035770
120.7778	0.00035734
120.8889	0.00035753
121.0000	0.00035772
121.1111	0.00035770
121.2222	0.00035751
121.3333	0.00035766
121.4444	0.00035729
121.5556	0.00035756
121.6667	0.00035764
121.7778	0.00035744
121.8889	0.00035754
122.0000	0.00035728
122.1111	0.00035775
122.2222	0.00035733
122.3333	0.00035766
122.4444	0.00035735
122.5556	0.00035753
122.6667	0.00035749
122.7778	0.00035749
122.8889	0.00035780
123.0000	0.00035716
123.1111	0.00035761
123.2222	0.00035742
123.3333	0.00035739
123.4444	0.00035746
123.5556	0.00035731
123.6667	0.00035766
123.7778	0.00035719
123.8889	0.00035766
124.0000	0.00035727
124.1111	0.00035745
124.2222	0.00035756
124.3333	0.00035733
124.4444	0.00035756
124.5556	0.00035709
124.6667	0.00035771
124.7778	0.00035718
124.8889	0.00035764
125.0000	0.00035740
125.1111	0.00035744
125.2222	0.00035757
125.3333	0.00035726
125.4444	0.00035762
125.5556	0.00035721
125.6667	0.00035758
125.7778	0.00035730
125.8889	0.00035734
126.0000	0.00035744
126.1111	0.00035725
126.2222	0.00035770
126.3333	0.00035710
126.4444	0.00035748
126.5556	0.00035722
126.6667	0.00035742
126.7778	0.00035751
126.8889	0.00035716
127.0000	0.00035761
127.1111	0.00035712
127.2222	0.00035750
127.3333	0.00035712
127.4444	0.00035740
127.5556	0.00035721
127.6667	0.00035725
127.7778	0.00035749
127.8889	0.00035719
128.0000	0.00035748
128.1111	0.00035704
128.2222	0.00035746
128.3333	0.00035729
128.4444	0.00035723
128.5556	0.00035741
128.6667	0.00035717
128.7778	0.00035740
128.8889	0.00035714
129.0000	0.00035754
129.1111	0.00035721
129.2222	0.00035727
129.3333	0.00035732
129.4444	0.00035705
129.5556	0.00035743
129.6667	0.00035721
129.7778	0.00035749
129.8889	0.00035722
130.0000	0.00035719
130.1111	0.00035721
130.2222	0.00035718
130.3333	0.00035744
130.4444	0.00035725
130.5556	0.00035733
130.6667	0.00035715
130.7778	0.00035730
130.8889	0.00035728
131.0000	0.00035730
131.1111	0.00035729
131.2222	0.00035721
131.3333	0.00035711
131.4444	0.00035710
131.5556	0.00035734
131.6667	0.00035718
131.7778	0.00035716
131.8889	0.00035720
132.0000	0.00035726
132.1111	0.00035718
132.2222	0.00035729
132.3333	0.00035723
132.4444	0.00035734
132.5556	0.00035708
132.6667	0.00035721
132.7778	0.00035729
132.8889	0.00035718
133.0000	0.00035720
133.1111	0.00035719
133.2222	0.00035727
133.3333	0.00035717
133.4444	0.00035697
133.5556	0.00035724
133.6667	0.00035722
133.7778	0.00035726
133.8889	0.00035727
134.0000	0.00035731
134.1111	0.00035708
134.2222	0.00035723
134.3333	0.00035731
134.4444	0.00035704
134.5556	0.00035722
134.6667	0.00035713
134.7778	0.00035713
134.8889	0.00035723
135.0000	0.00035700
135.1111	0.00035722
135.2222	0.00035726
135.3333	0.00035728
135.4444	0.00035706
135.5556	0.00035714
135.6667	0.00035721
135.7778	0.00035724
135.8889	0.00035707
136.0000	0.00035709
136.1111	0.00035715
136.2222	0.00035716
136.3333	0.00035699
136.4444	0.00035716
136.5556	0.00035710
136.6667	0.00035730
136.7778	0.00035709
136.8889	0.00035720
137.0000	0.00035708
137.1111	0.00035718
137.2222	0.00035704
137.3333	0.00035715
137.4444	0.00035717
137.5556	0.00035705
137.6667	0.00035705
137.7778	0.00035709
137.8889	0.00035705
138.0000	0.00035712
138.1111	0.00035710
138.2222	0.00035710
138.3333	0.00035709
138.4444	0.00035721
138.5556	0.00035708
138.6667	0.00035711
138.7778	0.00035711
138.8889	0.00035715
139.0000	0.00035705
139.1111	0.00035691
139.2222	0.00035698
139.3333	0.00035717
139.4444	0.00035715
139.5556	0.00035698
139.6667	0.00035701
139.7778	0.00035706
139.8889	0.00035702
140.0000	0.00035713
140.1111	0.00035705
140.2222	0.00035736
140.3333	0.00035706
140.4444	0.00035680
140.5556	0.00035714
140.6667	0.00035720
140.7778	0.00035710
140.8889	0.00035697
141.0000	0.00035711
141.1111	0.00035698
141.2222	0.00035694
141.3333	0.00035701
141.4444	0.00035714
141.5556	0.00035703
141.6667	0.00035698
141.7778	0.00035687
141.8889	0.00035705
142.0000	0.00035717
142.1111	0.00035701
142.2222	0.00035704
142.3333	0.00035692
142.4444	0.00035706
142.5556	0.00035707
142.6667	0.00035700
142.7778	0.00035691
142.8889	0.00035697
143.0000	0.00035704
143.1111	0.00035682
143.2222	0.00035707
143.3333	0.00035718
143.4444	0.00035701
143.5556	0.00035724
143.6667	0.00035674
143.7778	0.00035695
143.8889	0.00035691
144.0000	0.00035695
144.1111	0.00035706
144.2222	0.00035695
144.3333	0.00035689
144.4444	0.00035686
144.5556	0.00035695
144.6667	0.00035693
144.7778	0.00035683
144.8889	0.00035694
145.0000	0.00035682
145.1111	0.00035701
145.2222	0.00035691
145.3333	0.00035687
145.4444	0.00035691
145.5556	0.00035696
145.6667	0.00035700
145.7778	0.00035691
145.8889	0.00035689
146.0000	0.00035679
146.1111	0.00035686
146.2222	0.00035673
146.3333	0.00035691
146.4444	0.00035704
146.5556	0.00035691
146.6667	0.00035692
146.7778	0.00035670
146.8889	0.00035685
147.0000	0.00035685
147.1111	0.00035687
147.2222	0.00035698
147.3333	0.00035686
147.4444	0.00035699
147.5556	0.00035700
147.6667	0.00035680
147.7778	0.00035694
147.8889	0.00035697
148.0000	0.00035681
148.1111	0.00035683
148.2222	0.00035690
148.3333	0.00035685
148.4444	0.00035695
148.5556	0.00035683
148.6667	0.00035673
148.7778	0.00035702
148.8889	0.00035685
149.0000	0.00035694
149.1111	0.00035684
149.2222	0.00035683
149.3333	0.00035680
149.4444	0.00035688
149.5556	0.00035678
149.6667	0.00035681
149.7778	0.00035688
149.8889	0.00035695
150.0000	0.00035674
150.1111	0.00035664
150.2222	0.00035681
150.3333	0.00035676
150.4444	0.00035679
150.5556	0.00035678
150.6667	0.00035692
150.7778	0.00035684
150.8889	0.00035680
151.0000	0.00035685
151.1111	0.00035687
151.2222	0.00035686
151.3333	0.00035680
151.4444	0.00035676
151.5556	0.00035679
151.6667	0.00035678
151.7778	0.00035677
151.8889	0.00035677
152.0000	0.00035684
152.1111	0.00035662
152.2222	0.00035683
152.3333	0.00035673
152.4444	0.00035674
152.5556	0.00035666
152.6667	0.00035672
152.7778	0.00035676
152.8889	0.00035683
153.0000	0.00035683
153.1111	0.00035682
153.2222	0.00035691
153.3333	0.00035674
153.4444	0.00035666
153.5556	0.00035679
153.6667	0.00035664
153.7778	0.00035671
153.8889	0.00035686
154.0000	0.00035672
154.1111	0.00035686
154.2222	0.00035682
154.3333	0.00035674
154.4444	0.00035668
154.5556	0.00035663
154.6667	0.00035674
154.7778	0.00035681
154.8889	0.00035672
155.0000	0.00035674
155.1111	0.00035683
155.2222	0.00035667
155.3333	0.00035680
155.4444	0.00035667
155.5556	0.00035670
155.6667	0.00035677
155.7778	0.00035682
155.8889	0.00035677
156.0000	0.00035661
156.1111	0.00035674
156.2222	0.00035680
156.3333	0.00035674
156.4444	0.00035682
156.5556	0.00035668
156.6667	0.00035665
156.7778	0.00035663
156.8889	0.00035684
157.0000	0.00035685
157.1111	0.00035666
157.2222	0.00035660
157.3333	0.00035668
157.4444	0.00035673
157.5556	0.00035669
157.6667	0.00035671
157.7778	0.00035672
157.8889	0.00035660
158.0000	0.00035655
158.1111	0.00035664
158.2222	0.00035654
158.3333	0.00035667
158.4444	0.00035655
158.5556	0.00035658
158.6667	0.00035661
158.7778	0.00035660
158.8889	0.00035660
159.0000	0.00035656
159.1111	0.00035659
159.2222	0.00035667
159.3333	0.00035664
159.4444	0.00035663
159.5556	0.00035649
159.6667	0.00035653
159.7778	0.00035690
159.8889	0.00035657
160.0000	0.00035628
160.1111	0.00035666
160.2222	0.00035664
160.3333	0.00035674
160.4444	0.00035656
160.5556	0.00035655
160.6667	0.00035637
160.7778	0.00035663
160.8889	0.00035672
161.0000	0.00035662
161.1111	0.00035647
161.2222	0.00035642
161.3333	0.00035657
161.4444	0.00035670
161.5556	0.00035666
161.6667	0.00035655
161.7778	0.00035637
161.8889	0.00035653
162.0000	0.00035662
162.1111	0.00035653
162.2222	0.00035654
162.3333	0.00035651
162.4444	0.00035651
162.5556	0.00035654
162.6667	0.00035656
162.7778	0.00035651
162.8889	0.00035648
163.0000	0.00035644
163.1111	0.00035651
163.2222	0.00035664
163.3333	0.00035653
163.4444	0.00035657
163.5556	0.00035660
163.6667	0.00035656
163.7778	0.00035654
163.8889	0.00035647
164.0000	0.00035664
164.1111	0.00035648
164.2222	0.00035639
164.3333	0.00035648
164.4444	0.00035647
164.5556	0.00035640
164.6667	0.00035648
164.7778	0.00035651
164.8889	0.00035648
165.0000	0.00035653
165.1111	0.00035658
165.2222	0.00035647
165.3333	0.00035659
165.4444	0.00035648
165.5556	0.00035644
165.6667	0.00035650
165.7778	0.00035639
165.8889	0.00035652
166.0000	0.00035633
166.1111	0.00035641
166.2222	0.00035644
166.3333	0.00035634
166.4444	0.00035645
166.5556	0.00035656
166.6667	0.00035668
166.7778	0.00035637
166.8889	0.00035642
167.0000	0.00035644
167.1111	0.00035649
167.2222	0.00035633
167.3333	0.00035648
167.4444	0.00035645
167.5556	0.00035656
167.6667	0.00035623
167.7778	0.00035652
167.8889	0.00035667
168.0000	0.00035642
168.1111	0.00035652
168.2222	0.00035639
168.3333	0.00035641
168.4444	0.00035638
168.5556	0.00035649
168.6667	0.00035639
168.7778	0.00035642
168.8889	0.00035634
169.0000	0.00035638
169.1111	0.00035641
169.2222	0.00035634
169.3333	0.00035646
169.4444	0.00035631
169.5556	0.00035628
169.6667	0.00035640
169.7778	0.00035641
169.8889	0.00035663
170.0000	0.00035655
170.1111	0.00035629
170.2222	0.00035653
170.3333	0.00035644
170.4444	0.00035639
170.5556	0.00035632
170.6667	0.00035646
170.7778	0.00035642
170.8889	0.00035632
171.0000	0.00035643
171.1111	0.00035635
171.2222	0.00035625
171.3333	0.00035630
171.4444	0.00035652
171.5556	0.00035647
171.6667	0.00035631
171.7778	0.00035637
171.8889	0.00035626
172.0000	0.00035634
172.1111	0.00035638
172.2222	0.00035636
172.3333	0.00035635
172.4444	0.00035635
172.5556	0.00035625
172.6667	0.00035628
172.7778	0.00035638
172.8889	0.00035623
173.0000	0.00035631
173.1111	0.00035633
173.2222	0.00035633
173.3333	0.00035637
173.4444	0.00035635
173.5556	0.00035632
173.6667	0.00035631
173.7778	0.00035634
173.8889	0.00035622
174.0000	0.00035626
174.1111	0.00035635
174.2222	0.00035653
174.3333	0.00035621
174.4444	0.00035629
174.5556	0.00035629
174.6667	0.00035634
174.7778	0.00036497
174.8889	0.00039192
175.0000	0.00037291
175.1111	0.00037093
175.2222	0.00037457
175.3333	0.00037238
175.4444	0.00037523
175.5556	0.00037424
175.6667	0.00036995
175.7778	0.00037416
175.8889	0.00037114
176.0000	0.00037295
176.1111	0.00037074
176.2222	0.00037546
176.3333	0.00037498
176.4444	0.00037450
176.5556	0.00037172
176.6667	0.00037072
176.7778	0.00037396
176.8889	0.00037214
177.0000	0.00037316
177.1111	0.00037534
177.2222	0.00037631
177.3333	0.00037342
177.4444	0.00037555
177.5556	0.00036345
177.6667	0.00037183
177.7778	0.00037133
177.8889	0.00037029
178.0000	0.00037342
178.1111	0.00037126
178.2222	0.00037077
178.3333	0.00037230
178.4444	0.00037494
178.5556	0.00037279
178.6667	0.00037418
178.7778	0.00037189
178.8889	0.00037085
179.0000	0.00037102
179.1111	0.00037609
179.2222	0.00037281
179.3333	0.00037006
179.4444	0.00037656
179.5556	0.00036942
179.6667	0.00037424
179.7778	0.00036977
179.8889	0.00037274
180.0000	0.00037069
180.1111	0.00037514
180.2222	0.00036808
180.3333	0.00036790
180.4444	0.00037332
180.5556	0.00037033
180.6667	0.00037286
180.7778	0.00037225
180.8889	0.00037214
181.0000	0.00036936
181.1111	0.00037513
181.2222	0.00036950
181.3333	0.00037016
181.4444	0.00036805
181.5556	0.00037255
181.6667	0.00037404
181.7778	0.00037219
181.8889	0.00037019
182.0000	0.00037391
182.1111	0.00037020
182.2222	0.00037048
182.3333	0.00037032
182.4444	0.00037255
182.5556	0.00037228
182.6667	0.00037313
182.7778	0.00037066
182.8889	0.00037201
183.0000	0.00037051
183.1111	0.00037406
183.2222	0.00037304
183.3333	0.00037041
183.4444	0.00037199
183.5556	0.00036541
183.6667	0.00037091
183.7778	0.00036992
183.8889	0.00037602
184.0000	0.00036811
184.1111	0.00037343
184.2222	0.00037164
184.3333	0.00037092
184.4444	0.00036987
184.5556	0.00036903
184.6667	0.00037014
184.7778	0.00036812
184.8889	0.00037046
185.0000	0.00037460
185.1111	0.00037104
185.2222	0.00036895
185.3333	0.00037226
185.4444	0.00036989
185.5556	0.00036882
185.6667	0.00037314
185.7778	0.00036906
185.8889	0.00037146
186.0000	0.00036563
186.1111	0.00036906
186.2222	0.00037155
186.3333	0.00036989
186.4444	0.00037111
186.5556	0.00037491
186.6667	0.00037251
186.7778	0.00037260
186.8889	0.00037302
187.0000	0.00037019
187.1111	0.00037128
187.2222	0.00037135
187.3333	0.00036988
187.4444	0.00037003
187.5556	0.00036999
187.6667	0.00037250
187.7778	0.00037104
187.8889	0.00037302
188.0000	0.00037090
188.1111	0.00036754
188.2222	0.00037363
188.3333	0.00036804
188.4444	0.00037200
188.5556	0.00036746
188.6667	0.00037323
188.7778	0.00037278
188.8889	0.00036650
189.0000	0.00037300
189.1111	0.00037069
189.2222	0.00037081
189.3333	0.00036806
189.4444	0.00037305
189.5556	0.00036921
189.6667	0.00036974
189.7778	0.00037080
189.8889	0.00036854
190.0000	0.00037155
190.1111	0.00036963
190.2222	0.00036873
190.3333	0.00037216
190.4444	0.00037219
190.5556	0.00036774
190.6667	0.00036894
190.7778	0.00036768
190.8889	0.00036959
191.0000	0.00036918
191.1111	0.00037074
191.2222	0.00037380
191.3333	0.00037128
191.4444	0.00037030
191.5556	0.00037158
191.6667	0.00036968
191.7778	0.00037133
191.8889	0.00036965
192.0000	0.00036914
192.1111	0.00037129
192.2222	0.00037180
192.3333	0.00036938
192.4444	0.00036855
192.5556	0.00036782
192.6667	0.00036885
192.7778	0.00036804
192.8889	0.00036744
193.0000	0.00036806
193.1111	0.00036887
193.2222	0.00036889
193.3333	0.00036890
193.4444	0.00036914
193.5556	0.00037048
193.6667	0.00037020
193.7778	0.00036923
193.8889	0.00037165
194.0000	0.00036840
194.1111	0.00037094
194.2222	0.00036962
194.3333	0.00037190
194.4444	0.00036887
194.5556	0.00036886
194.6667	0.00037066
194.7778	0.00036904
194.8889	0.00036865
195.0000	0.00036898
195.1111	0.00037117
195.2222	0.00036846
195.3333	0.00036779
195.4444	0.00036928
195.5556	0.00036972
195.6667	0.00036807
195.7778	0.00037015
195.8889	0.00036795
196.0000	0.00037250
196.1111	0.00036912
196.2222	0.00036996
196.3333	0.00036893
196.4444	0.00037282
196.5556	0.00036835
196.6667	0.00036873
196.7778	0.00036757
196.8889	0.00037018
197.0000	0.00036764
197.1111	0.00037012
197.2222	0.00036825
197.3333	0.00036799
197.4444	0.00036788
197.5556	0.00037158
197.6667	0.00036854
197.7778	0.00036637
197.8889	0.00037061
198.0000	0.00036717
198.1111	0.00037076
198.2222	0.00037134
198.3333	0.00037000
198.4444	0.00036822
198.5556	0.00036700
198.6667	0.00037164
198.7778	0.00036911
198.8889	0.00036737
199.0000	0.00036867
199.1111	0.00036777
199.2222	0.00036842
199.3333	0.00037095
199.4444	0.00037114
199.5556	0.00036687
199.6667	0.00037025
199.7778	0.00036965
199.8889	0.00036977
200.0000	0.00036991
200.1111	0.00036945
200.2222	0.00036944
200.3333	0.00036588
200.4444	0.00036819
200.5556	0.00036739
200.6667	0.00037027
200.7778	0.00036684
200.8889	0.00036696
201.0000	0.00036898
201.1111	0.00036869
201.2222	0.00037058
201.3333	0.00036908
201.4444	0.00036752
201.5556	0.00036987
201.6667	0.00036826
201.7778	0.00037045
201.8889	0.00036826
202.0000	0.00036752
202.1111	0.00036889
202.2222	0.00036659
202.3333	0.00037009
202.4444	0.00036799
202.5556	0.00037121
202.6667	0.00036489
202.7778	0.00036797
202.8889	0.00036834
203.0000	0.00036913
203.1111	0.00036835
203.2222	0.00036861
203.3333	0.00036960
203.4444	0.00036938
203.5556	0.00036652
203.6667	0.00036794
203.7778	0.00036844
203.8889	0.00036895
204.0000	0.00037000
204.1111	0.00036842
204.2222	0.00036972
204.3333	0.00036791
204.4444	0.00036865
204.5556	0.00036942
204.6667	0.00036690
204.7778	0.00036790
204.8889	0.00036729
205.0000	0.00036985
205.1111	0.00036811
205.2222	0.00036654
205.3333	0.00036733
205.4444	0.00036765
205.5556	0.00036869
205.6667	0.00036780
205.7778	0.00036744
205.8889	0.00036699
206.0000	0.00036857
206.1111	0.00036814
206.2222	0.00036832
206.3333	0.00036836
206.4444	0.00036713
206.5556	0.00036816
206.6667	0.00036732
206.7778	0.00036927
206.8889	0.00036641
207.0000	0.00036731
207.1111	0.00036778
207.2222	0.00036964
207.3333	0.00036708
207.4444	0.00036760
207.5556	0.00036629
207.6667	0.00036824
207.7778	0.00036736
207.8889	0.00036897
208.0000	0.00036736
208.1111	0.00036834
208.2222	0.00036930
208.3333	0.00036649
208.4444	0.00036906
208.5556	0.00036872
208.6667	0.00036655
208.7778	0.00036836
208.8889	0.00036774
209.0000	0.00036901
209.1111	0.00036814
209.2222	0.00036699
209.3333	0.00036757
209.4444	0.00036503
209.5556	0.00036673
209.6667	0.00036766
209.7778	0.00036740
209.8889	0.00036737
210.0000	0.00036795
210.1111	0.00036605
210.2222	0.00036689
210.3333	0.00036641
210.4444	0.00036802
210.5556	0.00036874
210.6667	0.00036781
210.7778	0.00036688
210.8889	0.00036645
211.0000	0.00036669
211.1111	0.00036660
211.2222	0.00036977
211.3333	0.00036667
211.4444	0.00036813
211.5556	0.00036521
211.6667	0.00036649
211.7778	0.00036694
211.8889	0.00036814
212.0000	0.00036643
212.1111	0.00036861
212.2222	0.00036623
212.3333	0.00036640
212.4444	0.00036576
212.5556	0.00036672
212.6667	0.00036862
212.7778	0.00036661
212.8889	0.00036719
213.0000	0.00036874
213.1111	0.00036641
213.2222	0.00036769
213.3333	0.00036736
213.4444	0.00036658
213.5556	0.00036770
213.6667	0.00036906
213.7778	0.00036887
213.8889	0.00036595
214.0000	0.00036794
214.1111	0.00036674
214.2222	0.00036659
214.3333	0.00036720
214.4444	0.00036692
214.5556	0.00036592
214.6667	0.00036736
214.7778	0.00036727
214.8889	0.00036705
215.0000	0.00036740
215.1111	0.00036792
215.2222	0.00036642
215.3333	0.00036653
215.4444	0.00036665
215.5556	0.00036645
215.6667	0.00036629
215.7778	0.00036745
215.8889	0.00036709
216.0000	0.00036697
216.1111	0.00036558
216.2222	0.00036604
216.3333	0.00036689
216.4444	0.00036689
216.5556	0.00036731
216.6667	0.00036702
216.7778	0.00036697
216.8889	0.00036705
217.0000	0.00036723
217.1111	0.00036610
217.2222	0.00036693
217.3333	0.00036703
217.4444	0.00036757
217.5556	0.00036754
217.6667	0.00036523
217.7778	0.00036729
217.8889	0.00036628
218.0000	0.00036684
218.1111	0.00036711
218.2222	0.00036551
218.3333	0.00036668
218.4444	0.00036590
218.5556	0.00036602
218.6667	0.00036826
218.7778	0.00036574
218.8889	0.00036586
219.0000	0.00036485
219.1111	0.00036604
219.2222	0.00036646
219.3333	0.00036697
219.4444	0.00036634
219.5556	0.00036706
219.6667	0.00036776
219.7778	0.00036503
219.8889	0.00036572
220.0000	0.00036620
220.1111	0.00036541
220.2222	0.00036671
220.3333	0.00036632
220.4444	0.00036505
220.5556	0.00036757
220.6667	0.00036486
220.7778	0.00036865
220.8889	0.00036662
221.0000	0.00036641
221.1111	0.00036586
221.2222	0.00036621
221.3333	0.00036624
221.4444	0.00036574
221.5556	0.00036695
221.6667	0.00036671
221.7778	0.00036509
221.8889	0.00036647
222.0000	0.00036760
222.1111	0.00036662
222.2222	0.00036630
222.3333	0.00036510
222.4444	0.00036591
222.5556	0.00036741
222.6667	0.00036627
222.7778	0.00036647
222.8889	0.00036664
223.0000	0.00036698
223.1111	0.00036620
223.2222	0.00036762
223.3333	0.00036629
223.4444	0.00036748
223.5556	0.00036627
223.6667	0.00036562
223.7778	0.00036667
223.8889	0.00036710
224.0000	0.00036772
224.1111	0.00036669
224.2222	0.00036677
224.3333	0.00036693
224.4444	0.00036548
224.5556	0.00036708
224.6667	0.00036730
224.7778	0.00036614
224.8889	0.00036567
225.0000	0.00036702
225.1111	0.00036620
225.2222	0.00036685
225.3333	0.00036575
225.4444	0.00036529
225.5556	0.00036638
225.6667	0.00036627
225.7778	0.00036572
225.8889	0.00036732
226.0000	0.00036620
226.1111	0.00036576
226.2222	0.00036570
226.3333	0.00036617
226.4444	0.00036357
226.5556	0.00036703
226.6667	0.00036652
226.7778	0.00036574
226.8889	0.00036715
227.0000	0.00036816
227.1111	0.00036543
227.2222	0.00036479
227.3333	0.00036643
227.4444	0.00036529
227.5556	0.00036654
227.6667	0.00036561
227.7778	0.00036637
227.8889	0.00036660
228.0000	0.00036525
228.1111	0.00036514
228.2222	0.00036544
228.3333	0.00036579
228.4444	0.00036524
228.5556	0.00036591
228.6667	0.00036507
228.7778	0.00036613
228.8889	0.00036557
229.0000	0.00036591
229.1111	0.00036610
229.2222	0.00036459
229.3333	0.00036581
229.4444	0.00036654
229.5556	0.00036522
229.6667	0.00036603
229.7778	0.00036665
229.8889	0.00036541
230.0000	0.00036571
230.1111	0.00036520
230.2222	0.00036702
230.3333	0.00036483
230.4444	0.00036669
230.5556	0.00036472
230.6667	0.00036606
230.7778	0.00036516
230.8889	0.00036482
231.0000	0.00036561
231.1111	0.00036541
231.2222	0.00036612
231.3333	0.00036564
231.4444	0.00036570
231.5556	0.00036573
231.6667	0.00036595
231.7778	0.00036539
231.8889	0.00036617
232.0000	0.00036680
232.1111	0.00036527
232.2222	0.00036512
232.3333	0.00036637
232.4444	0.00036494
232.5556	0.00036629
232.6667	0.00036509
232.7778	0.00036609
232.8889	0.00036543
233.0000	0.00036495
233.1111	0.00036593
233.2222	0.00036439
233.3333	0.00036675
233.4444	0.00036393
233.5556	0.00036635
233.6667	0.00036590
233.7778	0.00036535
233.8889	0.00036464
234.0000	0.00036556
234.1111	0.00036475
234.2222	0.00036476
234.3333	0.00036597
234.4444	0.00036607
234.5556	0.00036341
234.6667	0.00036598
234.7778	0.00036668
234.8889	0.00036598
235.0000	0.00036448
235.1111	0.00036266
235.2222	0.00036660
235.3333	0.00036515
235.4444	0.00036375
235.5556	0.00036675
235.6667	0.00036796
235.7778	0.00036399
235.8889	0.00036480
236.0000	0.00036547
236.1111	0.00036282
236.2222	0.00036715
236.3333	0.00036730
236.4444	0.00036661
236.5556	0.00036385
236.6667	0.00036570
236.7778	0.00036463
236.8889	0.00036348
237.0000	0.00036580
237.1111	0.00036446
237.2222	0.00036623
237.3333	0.00036415
237.4444	0.00036516
237.5556	0.00036280
237.6667	0.00036204
237.7778	0.00036629
237.8889	0.00036587
238.0000	0.00036759
238.1111	0.00036301
238.2222	0.00036510
238.3333	0.00036053
238.4444	0.00036620
238.5556	0.00036560
238.6667	0.00036622
238.7778	0.00036499
238.8889	0.00036327
239.0000	0.00036568
239.1111	0.00036492
239.2222	0.00036551
239.3333	0.00036591
239.4444	0.00036237
239.5556	0.00036321
239.6667	0.00036673
239.7778	0.00036485
239.8889	0.00036587
240.0000	0.00036277
240.1111	0.00036553
240.2222	0.00036536
240.3333	0.00036342
240.4444	0.00036555
240.5556	0.00036557
240.6667	0.00036626
240.7778	0.00036408
240.8889	0.00036549
241.0000	0.00036317
241.1111	0.00036419
241.2222	0.00036319
241.3333	0.00036542
241.4444	0.00036114
241.5556	0.00036597
241.6667	0.00036418
241.7778	0.00036483
241.8889	0.00036384
242.0000	0.00036301
242.1111	0.00036475
242.2222	0.00036376
242.3333	0.00036531
242.4444	0.00036403
242.5556	0.00036424
242.6667	0.00036454
242.7778	0.00036347
242.8889	0.00036445
243.0000	0.00036410
243.1111	0.00036444
243.2222	0.00036427
243.3333	0.00036415
243.4444	0.00036423
243.5556	0.00036448
243.6667	0.00036415
243.7778	0.00036442
243.8889	0.00036388
244.0000	0.00036442
244.1111	0.00036421
244.2222	0.00036426
244.3333	0.00036411
244.4444	0.00036395
244.5556	0.00036402
244.6667	0.00036413
244.7778	0.00036391
244.8889	0.00036442
245.0000	0.00036376
245.1111	0.00036427
245.2222	0.00036411
245.3333	0.00036425
245.4444	0.00036400
245.5556	0.00036377
245.6667	0.00036422
245.7778	0.00036399
245.8889	0.00036406
246.0000	0.00036403
246.1111	0.00036398
246.2222	0.00036415
246.3333	0.00036402
246.4444	0.00036405
246.5556	0.00036390
246.6667	0.00036407
246.7778	0.00036401
246.8889	0.00036397
247.0000	0.00036399
247.1111	0.00036390
247.2222	0.00036416
247.3333	0.00036392
247.4444	0.00036410
247.5556	0.00036396
247.6667	0.00036397
247.7778	0.00036388
247.8889	0.00036396
248.0000	0.00036390
248.1111	0.00036390
248.2222	0.00036393
248.3333	0.00036391
248.4444	0.00036388
248.5556	0.00036398
248.6667	0.00036389
248.7778	0.00036401
248.8889	0.00036395
249.0000	0.00036395
249.1111	0.00036403
249.2222	0.00036388
249.3333	0.00036390
249.4444	0.00036385
249.5556	0.00036414
249.6667	0.00036396
249.7778	0.00036400
249.8889	0.00036391
250.0000	0.00036377
250.1111	0.00036409
250.2222	0.00036376
250.3333	0.00036406
250.4444	0.00036393
250.5556	0.00036385
250.6667	0.00036386
250.7778	0.00036386
250.8889	0.00036401
251.0000	0.00036387
251.1111	0.00036410
251.2222	0.00036386
251.3333	0.00036377
251.4444	0.00036398
251.5556	0.00036385
251.6667	0.00036406
251.7778	0.00036390
251.8889	0.00036401
252.0000	0.00036379
252.1111	0.00036398
252.2222	0.00036376
252.3333	0.00036382
252.4444	0.00036415
252.5556	0.00036384
252.6667	0.00036388
252.7778	0.00036382
252.8889	0.00036402
253.0000	0.00036376
253.1111	0.00036377
253.2222	0.00036394
253.3333	0.00036380
253.4444	0.00036383
253.5556	0.00036381
253.6667	0.00036385
253.7778	0.00036388
253.8889	0.00036379
254.0000	0.00036389
254.1111	0.00036382
254.2222	0.00036391
254.3333	0.00036377
254.4444	0.00036395
254.5556	0.00036380
254.6667	0.00036387
254.7778	0.00036375
254.8889	0.00036376
255.0000	0.00036389
255.1111	0.00036373
255.2222	0.00036386
255.3333	0.00036375
255.4444	0.00036389
255.5556	0.00036374
255.6667	0.00036378
255.7778	0.00036389
255.8889	0.00036380
256.0000	0.00036381
256.1111	0.00036376
256.2222	0.00036377
256.3333	0.00036373
256.4444	0.00036388
256.5556	0.00036374
256.6667	0.00036380
256.7778	0.00036377
256.8889	0.00036373
257.0000	0.00036388
257.1111	0.00036389
257.2222	0.00036366
257.3333	0.00036369
257.4444	0.00036353
257.5556	0.00036377
257.6667	0.00036380
257.7778	0.00036374
257.8889	0.00036377
258.0000	0.00036355
258.1111	0.00036382
258.2222	0.00036361
258.3333	0.00036361
258.4444	0.00036363
258.5556	0.00036360
258.6667	0.00036373
258.7778	0.00036375
258.8889	0.00036374
259.0000	0.00036348
259.1111	0.00036371
259.2222	0.00036374
259.3333	0.00036373
259.4444	0.00036378
259.5556	0.00036370
259.6667	0.00036379
259.7778	0.00036371
259.8889	0.00036380
260.0000	0.00036384
260.1111	0.00036387
260.2222	0.00036370
260.3333	0.00036361
260.4444	0.00036369
260.5556	0.00036375
260.6667	0.00036371
260.7778	0.00036377
260.8889	0.00036364
261.0000	0.00036365
261.1111	0.00036373
261.2222	0.00036369
261.3333	0.00036360
261.4444	0.00036360
261.5556	0.00036373
261.6667	0.00036371
261.7778	0.00036378
261.8889	0.00036361
262.0000	0.00036370
262.1111	0.00036358
262.2222	0.00036363
262.3333	0.00036364
262.4444	0.00036355
262.5556	0.00036366
262.6667	0.00036357
262.7778	0.00036365
262.8889	0.00036378
263.0000	0.00036376
263.1111	0.00036370
263.2222	0.00036293
263.3333	0.00036285
263.4444	0.00036386
263.5556	0.00036366
263.6667	0.00036358
263.7778	0.00036351
263.8889	0.00036357
264.0000	0.00036352
264.1111	0.00036354
264.2222	0.00036351
264.3333	0.00036342
264.4444	0.00036344
264.5556	0.00036367
264.6667	0.00036368
264.7778	0.00036356
264.8889	0.00036361
265.0000	0.00036367
265.1111	0.00036358
265.2222	0.00036356
265.3333	0.00036365
265.4444	0.00036373
265.5556	0.00036356
265.6667	0.00036357
265.7778	0.00036363
265.8889	0.00036357
266.0000	0.00036375
266.1111	0.00036362
266.2222	0.00036351
266.3333	0.00036348
266.4444	0.00036354
266.5556	0.00036364
266.6667	0.00036369
266.7778	0.00036359
266.8889	0.00036359
267.0000	0.00036360
267.1111	0.00036376
267.2222	0.00036378
267.3333	0.00036368
267.4444	0.00036355
267.5556	0.00036367
267.6667	0.00036357
267.7778	0.00036360
267.8889	0.00036362
268.0000	0.00036349
268.1111	0.00036340
268.2222	0.00036353
268.3333	0.00036350
268.4444	0.00036357
268.5556	0.00036356
268.6667	0.00036359
268.7778	0.00036339
268.8889	0.00036342
269.0000	0.00036353
269.1111	0.00036353
269.2222	0.00036341
269.3333	0.00036347
269.4444	0.00036355
269.5556	0.00036350
269.6667	0.00036353
269.7778	0.00036358
269.8889	0.00036332
270.0000	0.00036341
270.1111	0.00036348
270.2222	0.00036352
270.3333	0.00036352
270.4444	0.00036350
270.5556	0.00036347
270.6667	0.00036361
270.7778	0.00036344
270.8889	0.00036349
271.0000	0.00036355
271.1111	0.00036348
271.2222	0.00036352
271.3333	0.00036347
271.4444	0.00036344
271.5556	0.00036360
271.6667	0.00036354
271.7778	0.00036338
271.8889	0.00036341
272.0000	0.00036339
272.1111	0.00036349
272.2222	0.00036349
272.3333	0.00036350
272.4444	0.00036343
272.5556	0.00036349
272.6667	0.00036342
272.7778	0.00036348
272.8889	0.00036346
273.0000	0.00036354
273.1111	0.00036346
273.2222	0.00036354
273.3333	0.00036351
273.4444	0.00036351
273.5556	0.00036335
273.6667	0.00036351
273.7778	0.00036340
273.8889	0.00036339
274.0000	0.00036331
274.1111	0.00036349
274.2222	0.00036339
274.3333	0.00036335
274.4444	0.00036333
274.5556	0.00036326
274.6667	0.00036335
274.7778	0.00036343
274.8889	0.00036332
275.0000	0.00036339
275.1111	0.00036350
275.2222	0.00036342
275.3333	0.00036336
275.4444	0.00036339
275.5556	0.00036338
275.6667	0.00036336
275.7778	0.00036347
275.8889	0.00036338
276.0000	0.00036343
276.1111	0.00036342
276.2222	0.00036338
276.3333	0.00036341
276.4444	0.00036352
276.5556	0.00036354
276.6667	0.00036339
276.7778	0.00036329
276.8889	0.00036325
277.0000	0.00036335
277.1111	0.00036342
277.2222	0.00036326
277.3333	0.00036341
277.4444	0.00036329
277.5556	0.00036325
277.6667	0.00036340
277.7778	0.00036332
277.8889	0.00036328
278.0000	0.00036334
278.1111	0.00036333
278.2222	0.00036331
278.3333	0.00036336
278.4444	0.00036336
278.5556	0.00036326
278.6667	0.00036327
278.7778	0.00036327
278.8889	0.00036328
279.0000	0.00036325
279.1111	0.00036337
279.2222	0.00036339
279.3333	0.00036331
279.4444	0.00036334
279.5556	0.00036326
279.6667	0.00036317
279.7778	0.00036321
279.8889	0.00036332
280.0000	0.00036334
280.1111	0.00036326
280.2222	0.00036322
280.3333	0.00036326
280.4444	0.00036332
280.5556	0.00036328
280.6667	0.00036321
280.7778	0.00036332
280.8889	0.00036323
281.0000	0.00036324
281.1111	0.00036342
281.2222	0.00036334
281.3333	0.00036321
281.4444	0.00036331
281.5556	0.00036328
281.6667	0.00036316
281.7778	0.00036317
281.8889	0.00036320
282.0000	0.00036344
282.1111	0.00036325
282.2222	0.00036326
282.3333	0.00036310
282.4444	0.00036401
282.5556	0.00036502
282.6667	0.00036786
282.7778	0.00039444
282.8889	0.00037889
283.0000	0.00037933
283.1111	0.00037883
283.2222	0.00038026
283.3333	0.00039071
283.4444	0.00037996
283.5556	0.00037963
283.6667	0.00038457
283.7778	0.00038287
283.8889	0.00037927
284.0000	0.00038823
284.1111	0.00038801
284.2222	0.00037957
284.3333	0.00037768
284.4444	0.00038196
284.5556	0.00038438
284.6667	0.00038566
284.7778	0.00038112
284.8889	0.00038077
285.0000	0.00037831
285.1111	0.00038432
285.2222	0.00037853
285.3333	0.00038395
285.4444	0.00038458
285.5556	0.00038391
285.6667	0.00038467
285.7778	0.00037896
285.8889	0.00038285
286.0000	0.00038393
286.1111	0.00037748
286.2222	0.00038472
286.3333	0.00038753
286.4444	0.00038067
286.5556	0.00038173
286.6667	0.00038521
286.7778	0.00038280
286.8889	0.00039103
287.0000	0.00038229
287.1111	0.00038457
287.2222	0.00038215
287.3333	0.00038187
287.4444	0.00038181
287.5556	0.00037696
287.6667	0.00037844
287.7778	0.00038668
287.8889	0.00038241
288.0000	0.00038581
288.1111	0.00038227
288.2222	0.00038427
288.3333	0.00038470
288.4444	0.00037793
288.5556	0.00038164
288.6667	0.00038417
288.7778	0.00037727
288.8889	0.00038308
289.0000	0.00038577
289.1111	0.00038468
289.2222	0.00037832
289.3333	0.00037938
289.4444	0.00038444
289.5556	0.00038050
289.6667	0.00038055
289.7778	0.00038280
289.8889	0.00038021
290.0000	0.00038168
290.1111	0.00038164
290.2222	0.00038379
290.3333	0.00038235
290.4444	0.00038200
290.5556	0.00038059
290.6667	0.00038030
290.7778	0.00038044
290.8889	0.00038547
291.0000	0.00038361
291.1111	0.00038014
291.2222	0.00037856
291.3333	0.00038047
291.4444	0.00038436
291.5556	0.00038400
291.6667	0.00038101
291.7778	0.00038459
291.8889	0.00038538
292.0000	0.00037890
292.1111	0.00038273
292.2222	0.00038077
292.3333	0.00038347
292.4444	0.00038149
292.5556	0.00038010
292.6667	0.00037925
292.7778	0.00038160
292.8889	0.00037645
293.0000	0.00037809
293.1111	0.00038216
293.2222	0.00038098
293.3333	0.00038399
293.4444	0.00038157
293.5556	0.00038384
293.6667	0.00037975
293.7778	0.00037653
293.8889	0.00038051
294.0000	0.00038413
294.1111	0.00038065
294.2222	0.00038011
294.3333	0.00038507
294.4444	0.00038406
294.5556	0.00037977
294.6667	0.00038076
294.7778	0.00038303
294.8889	0.00037958
295.0000	0.00038176
295.1111	0.00037795
295.2222	0.00038116
295.3333	0.00037542
295.4444	0.00038231
295.5556	0.00038080
295.6667	0.00038515
295.7778	0.00037662
295.8889	0.00037985
296.0000	0.00038084
296.1111	0.00037950
296.2222	0.00038037
296.3333	0.00037709
296.4444	0.00038048
296.5556	0.00038110
296.6667	0.00038083
296.7778	0.00038331
296.8889	0.00038202
297.0000	0.00037992
297.1111	0.00038077
297.2222	0.00038179
297.3333	0.00038243
297.4444	0.00037974
297.5556	0.00038037
297.6667	0.00038023
297.7778	0.00038302
297.8889	0.00038293
298.0000	0.00037987
298.1111	0.00038038
298.2222	0.00038095
298.3333	0.00037802
298.4444	0.00037947
298.5556	0.00037928
298.6667	0.00037546
298.7778	0.00038166
298.8889	0.00037932
299.0000	0.00038050
299.1111	0.00037949
299.2222	0.00038067
299.3333	0.00037938
299.4444	0.00038269
299.5556	0.00038077
299.6667	0.00037929
299.7778	0.00038030
299.8889	0.00037902
300.0000	0.00037976
300.1111	0.00038017
300.2222	0.00037930
300.3333	0.00038241
300.4444	0.00038069
300.5556	0.00038467
300.6667	0.00037828
300.7778	0.00038209
300.8889	0.00037765
301.0000	0.00038293
301.1111	0.00038222
301.2222	0.00037785
301.3333	0.00038380
301.4444	0.00037915
301.5556	0.00038368
301.6667	0.00037905
301.7778	0.00038095
301.8889	0.00037962
302.0000	0.00037930
302.1111	0.00038280
302.2222	0.00038074
302.3333	0.00037946
302.4444	0.00038067
302.5556	0.00038021
302.6667	0.00038182
302.7778	0.00037786
302.8889	0.00038133
303.0000	0.00038002
303.1111	0.00037757
303.2222	0.00037965
303.3333	0.00037982
303.4444	0.00038385
303.5556	0.00038020
303.6667	0.00038195
303.7778	0.00037909
303.8889	0.00037945
304.0000	0.00037811
304.1111	0.00037944
304.2222	0.00037668
304.3333	0.00038313
304.4444	0.00037717
304.5556	0.00037965
304.6667	0.00037937
304.7778	0.00037755
304.8889	0.00037972
305.0000	0.00038284
305.1111	0.00037903
305.2222	0.00038061
305.3333	0.00037937
305.4444	0.00037963
305.5556	0.00037993
305.6667	0.00037730
305.7778	0.00037694
305.8889	0.00038122
306.0000	0.00037912
306.1111	0.00037804
306.2222	0.00038038
306.3333	0.00037999
306.4444	0.00038087
306.5556	0.00037757
306.6667	0.00037935
306.7778	0.00037963
306.8889	0.00038065
307.0000	0.00037843
307.1111	0.00037680
307.2222	0.00037963
307.3333	0.00037796
307.4444	0.00038398
307.5556	0.00037954
307.6667	0.00038201
307.7778	0.00038123
307.8889	0.00038064
308.0000	0.00038185
308.1111	0.00037929
308.2222	0.00037899
308.3333	0.00037956
308.4444	0.00037813
308.5556	0.00037890
308.6667	0.00038416
308.7778	0.00037955
308.8889	0.00037788
309.0000	0.00037758
309.1111	0.00038131
309.2222	0.00037748
309.3333	0.00037957
309.4444	0.00037881
309.5556	0.00037906
309.6667	0.00038031
309.7778	0.00037742
309.8889	0.00037895
310.0000	0.00037966
310.1111	0.00038010
310.2222	0.00037831
310.3333	0.00038032
310.4444	0.00037821
310.5556	0.00037857
310.6667	0.00037944
310.7778	0.00037721
310.8889	0.00037850
311.0000	0.00038056
311.1111	0.00037881
311.2222	0.00037809
311.3333	0.00038023
311.4444	0.00038104
311.5556	0.00037922
311.6667	0.00037936
311.7778	0.00037754
311.8889	0.00037943
312.0000	0.00038009
312.1111	0.00037970
312.2222	0.00037870
312.3333	0.00037826
312.4444	0.00037961
312.5556	0.00037850
312.6667	0.00037801
312.7778	0.00038184
312.8889	0.00037531
313.0000	0.00037967
313.1111	0.00037864
313.2222	0.00037852
313.3333	0.00037993
313.4444	0.00037494
313.5556	0.00037964
313.6667	0.00037700
313.7778	0.00037774
313.8889	0.00037877
314.0000	0.00037946
314.1111	0.00037794
314.2222	0.00037968
314.3333	0.00037994
314.4444	0.00037853
314.5556	0.00037789
314.6667	0.00037821
314.7778	0.00038067
314.8889	0.00037722
315.0000	0.00037955
315.1111	0.00038007
315.2222	0.00037878
315.3333	0.00037782
315.4444	0.00037885
315.5556	0.00037815
315.6667	0.00037831
315.7778	0.00037880
315.8889	0.00037910
316.0000	0.00037766
316.1111	0.00037628
316.2222	0.00037933
316.3333	0.00037855
316.4444	0.00037712
316.5556	0.00037993
316.6667	0.00037671
316.7778	0.00037877
316.8889	0.00037829
317.0000	0.00037834
317.1111	0.00037722
317.2222	0.00037893
317.3333	0.00037747
317.4444	0.00037895
317.5556	0.00037521
317.6667	0.00037895
317.7778	0.00037809
317.8889	0.00037860
318.0000	0.00037540
318.1111	0.00037683
318.2222	0.00037837
318.3333	0.00037892
318.4444	0.00037739
318.5556	0.00037887
318.6667	0.00037786
318.7778	0.00037741
318.8889	0.00037538
319.0000	0.00037821
319.1111	0.00037710
319.2222	0.00037674
319.3333	0.00037724
319.4444	0.00037963
319.5556	0.00037764
319.6667	0.00037781
319.7778	0.00037723
319.8889	0.00037832
320.0000	0.00037852
320.1111	0.00037621
320.2222	0.00037794
320.3333	0.00038010
320.4444	0.00037786
320.5556	0.00037927
320.6667	0.00037765
320.7778	0.00037827
320.8889	0.00037786
321.0000	0.00037796
321.1111	0.00037808
321.2222	0.00037876
321.3333	0.00037888
321.4444	0.00037608
321.5556	0.00037907
321.6667	0.00037731
321.7778	0.00037892
321.8889	0.00037806
322.0000	0.00037764
322.1111	0.00037996
322.2222	0.00037722
322.3333	0.00037894
322.4444	0.00037773
322.5556	0.00037816
322.6667	0.00037686
322.7778	0.00037823
322.8889	0.00037730
323.0000	0.00037540
323.1111	0.00037831
323.2222	0.00037623
323.3333	0.00037783
323.4444	0.00037818
323.5556	0.00037794
323.6667	0.00037811
323.7778	0.00037713
323.8889	0.00037968
324.0000	0.00037733
324.1111	0.00037652
324.2222	0.00037790
324.3333	0.00037783
324.4444	0.00037767
324.5556	0.00037956
324.6667	0.00037893
324.7778	0.00037739
324.8889	0.00037638
325.0000	0.00037709
325.1111	0.00037817
325.2222	0.00037881
325.3333	0.00037658
325.4444	0.00037618
325.5556	0.00037590
325.6667	0.00037819
325.7778	0.00037746
325.8889	0.00037625
326.0000	0.00037780
326.1111	0.00037630
326.2222	0.00037695
326.3333	0.00037512
326.4444	0.00037819
326.5556	0.00037747
326.6667	0.00037656
326.7778	0.00037917
326.8889	0.00037576
327.0000	0.00037683
327.1111	0.00037726
327.2222	0.00037776
327.3333	0.00037736
327.4444	0.00037745
327.5556	0.00037845
327.6667	0.00037649
327.7778	0.00037765
327.8889	0.00037675
328.0000	0.00037754
328.1111	0.00037867
328.2222	0.00037520
328.3333	0.00037780
328.4444	0.00037764
328.5556	0.00037855
328.6667	0.00037537
328.7778	0.00037668
328.8889	0.00037607
329.0000	0.00037882
329.1111	0.00037752
329.2222	0.00037690
329.3333	0.00037830
329.4444	0.00037795
329.5556	0.00037742
329.6667	0.00037677
329.7778	0.00037661
329.8889	0.00037660
330.0000	0.00037791
330.1111	0.00037677
330.2222	0.00037783
330.3333	0.00037697
330.4444	0.00037709
330.5556	0.00037620
330.6667	0.00037710
330.7778	0.00037710
330.8889	0.00037748
331.0000	0.00037685
331.1111	0.00037660
331.2222	0.00037713
331.3333	0.00037701
331.4444	0.00037816
331.5556	0.00037745
331.6667	0.00037671
331.7778	0.00037783
331.8889	0.00037744
332.0000	0.00037796
332.1111	0.00037621
332.2222	0.00037693
332.3333	0.00037477
332.4444	0.00037559
332.5556	0.00037772
332.6667	0.00037627
332.7778	0.00037662
332.8889	0.00037794
333.0000	0.00037687
333.1111	0.00037749
333.2222	0.00037652
333.3333	0.00037692
333.4444	0.00037567
333.5556	0.00037687
333.6667	0.00037629
333.7778	0.00037595
333.8889	0.00037707
334.0000	0.00037634
334.1111	0.00037574
334.2222	0.00037644
334.3333	0.00037808
334.4444	0.00037585
334.5556	0.00037638
334.6667	0.00037748
334.7778	0.00037647
334.8889	0.00037836
335.0000	0.00037625
335.1111	0.00037773
335.2222	0.00037747
335.3333	0.00037855
335.4444	0.00037669
335.5556	0.00037653
335.6667	0.00037660
335.7778	0.00037644
335.8889	0.00037750
336.0000	0.00037672
336.1111	0.00037661
336.2222	0.00037414
336.3333	0.00037740
336.4444	0.00037760
336.5556	0.00037594
336.6667	0.00037746
336.7778	0.00037499
336.8889	0.00037637
337.0000	0.00037756
337.1111	0.00037637
337.2222	0.00037670
337.3333	0.00037711
337.4444	0.00037757
337.5556	0.00037673
337.6667	0.00037508
337.7778	0.00037562
337.8889	0.00037669
338.0000	0.00037598
338.1111	0.00037745
338.2222	0.00037507
338.3333	0.00037673
338.4444	0.00037620
338.5556	0.00037591
338.6667	0.00037691
338.7778	0.00037611
338.8889	0.00037721
339.0000	0.00037669
339.1111	0.00037668
339.2222	0.00037631
339.3333	0.00037684
339.4444	0.00037673
339.5556	0.00037581
339.6667	0.00037619
339.7778	0.00037687
339.8889	0.00037638
340.0000	0.00037635
340.1111	0.00037672
340.2222	0.00037624
340.3333	0.00037641
340.4444	0.00037635
340.5556	0.00037455
340.6667	0.00037653
340.7778	0.00037621
340.8889	0.00037664
341.0000	0.00037525
341.1111	0.00037717
341.2222	0.00037565
341.3333	0.00037565
341.4444	0.00037574
341.5556	0.00037651
341.6667	0.00037566
341.7778	0.00037544
341.8889	0.00037585
342.0000	0.00037596
342.1111	0.00037673
342.2222	0.00037655
342.3333	0.00037587
342.4444	0.00037604
342.5556	0.00037518
342.6667	0.00037573
342.7778	0.00037527
342.8889	0.00037545
343.0000	0.00037618
343.1111	0.00037456
343.2222	0.00037619
343.3333	0.00037587
343.4444	0.00037586
343.5556	0.00037599
343.6667	0.00037593
343.7778	0.00037499
343.8889	0.00037671
344.0000	0.00037773
344.1111	0.00037651
344.2222	0.00037603
344.3333	0.00037657
344.4444	0.00037584
344.5556	0.00037743
344.6667	0.00037482
344.7778	0.00037504
344.8889	0.00037603
345.0000	0.00037611
345.1111	0.00037486
345.2222	0.00037727
345.3333	0.00037645
345.4444	0.00037630
345.5556	0.00037618
345.6667	0.00037514
345.7778	0.00037634
345.8889	0.00037695
346.0000	0.00037556
346.1111	0.00037635
346.2222	0.00037632
346.3333	0.00037539
346.4444	0.00037638
346.5556	0.00037582
346.6667	0.00037641
346.7778	0.00037479
346.8889	0.00037565
347.0000	0.00037568
347.1111	0.00037516
347.2222	0.00037581
347.3333	0.00037571
347.4444	0.00037626
347.5556	0.00037592
347.6667	0.00037507
347.7778	0.00037598
347.8889	0.00037479
348.0000	0.00037617
348.1111	0.00037653
348.2222	0.00037558
348.3333	0.00037546
348.4444	0.00037563
348.5556	0.00037538
348.6667	0.00037587
348.7778	0.00037520
348.8889	0.00037633
349.0000	0.00037574
349.1111	0.00037579
349.2222	0.00037582
349.3333	0.00037666
349.4444	0.00037627
349.5556	0.00037501
349.6667	0.00037521
349.7778	0.00037561
349.8889	0.00037470
350.0000	0.00037568
350.1111	0.00037566
350.2222	0.00037575
350.3333	0.00037547
350.4444	0.00037443
350.5556	0.00037579
350.6667	0.00037564
350.7778	0.00037620
350.8889	0.00037496
351.0000	0.00037580
351.1111	0.00037464
351.2222	0.00037478
351.3333	0.00037575
351.4444	0.00037646
351.5556	0.00037532
351.6667	0.00037489
351.7778	0.00037560
351.8889	0.00037564
352.0000	0.00037531
352.1111	0.00037471
352.2222	0.00037535
352.3333	0.00037567
352.4444	0.00037552
352.5556	0.00037496
352.6667	0.00037623
352.7778	0.00037526
352.8889	0.00037547
353.0000	0.00037505
353.1111	0.00037584
353.2222	0.00037490
353.3333	0.00037619
353.4444	0.00037495
353.5556	0.00037626
353.6667	0.00037384
353.7778	0.00037540
353.8889	0.00037533
354.0000	0.00037574
354.1111	0.00037586
354.2222	0.00037530
354.3333	0.00037530
354.4444	0.00037586
354.5556	0.00037479
354.6667	0.00037611
354.7778	0.00037439
354.8889	0.00037486
355.0000	0.00037511
355.1111	0.00037525
355.2222	0.00037513
355.3333	0.00037574
355.4444	0.00037537
355.5556	0.00037506
355.6667	0.00037641
355.7778	0.00037580
355.8889	0.00037478
356.0000	0.00037498
356.1111	0.00037539
356.2222	0.00037521
356.3333	0.00037533
356.4444	0.00037495
356.5556	0.00037513
356.6667	0.00037546
356.7778	0.00037480
356.8889	0.00037536
357.0000	0.00037478
357.1111	0.00037622
357.2222	0.00037493
357.3333	0.00037497
357.4444	0.00037495
357.5556	0.00037409
357.6667	0.00037619
357.7778	0.00037454
357.8889	0.00037533
358.0000	0.00037533
358.1111	0.00037463
358.2222	0.00037466
358.3333	0.00037500
358.4444	0.00037570
358.5556	0.00037477
358.6667	0.00037508
358.7778	0.00037555
358.8889	0.00037492
359.0000	0.00037474
359.1111	0.00037594
359.2222	0.00037549
359.3333	0.00037517
359.4444	0.00037528
359.5556	0.00037559
359.6667	0.00037434
359.7778	0.00037511
359.8889	0.00037549
360.0000	0.00037413
360.1111	0.00037510
360.2222	0.00037454
360.3333	0.00037617
360.4444	0.00037485
360.5556	0.00037472
360.6667	0.00037520
360.7778	0.00037367
360.8889	0.00037400
361.0000	0.00037484
361.1111	0.00037654
361.2222	0.00037438
361.3333	0.00037219
361.4444	0.00037506
361.5556	0.00037475
361.6667	0.00037770
361.7778	0.00036784
361.8889	0.00037316
362.0000	0.00037798
362.1111	0.00037019
362.2222	0.00036871
362.3333	0.00036781
362.4444	0.00038789
362.5556	0.00037279
362.6667	0.00037841
362.7778	0.00036741
362.8889	0.00037511
363.0000	0.00037335
363.1111	0.00037524
363.2222	0.00037240
363.3333	0.00037182
363.4444	0.00037501
363.5556	0.00037375
363.6667	0.00037413
363.7778	0.00037407
363.8889	0.00037250
364.0000	0.00037443
364.1111	0.00037292
364.2222	0.00037403
364.3333	0.00037399
364.4444	0.00037330
364.5556	0.00037420
364.6667	0.00037308
364.7778	0.00037405
364.8889	0.00037343
365.0000	0.00037368
365.1111	0.00037419
365.2222	0.00037314
365.3333	0.00037434
365.4444	0.00037313
365.5556	0.00037408
365.6667	0.00037333
365.7778	0.00037355
365.8889	0.00037412
366.0000	0.00037311
366.1111	0.00037418
366.2222	0.00037343
366.3333	0.00037378
366.4444	0.00037376
366.5556	0.00037343
366.6667	0.00037397
366.7778	0.00037311
366.8889	0.00037412
367.0000	0.00037349
367.1111	0.00037357
367.2222	0.00037390
367.3333	0.00037321
367.4444	0.00037402
367.5556	0.00037324
367.6667	0.00037400
367.7778	0.00037356
367.8889	0.00037386
368.0000	0.00037380
368.1111	0.00037324
368.2222	0.00037381
368.3333	0.00037317
368.4444	0.00037387
368.5556	0.00037324
368.6667	0.00037360
368.7778	0.00037343
368.8889	0.00037321
369.0000	0.00037360
369.1111	0.00037312
369.2222	0.00037389
369.3333	0.00037327
369.4444	0.00037377
369.5556	0.00037351
369.6667	0.00037354
369.7778	0.00037375
369.8889	0.00037351
370.0000	0.00037417
370.1111	0.00037327
370.2222	0.00037374
370.3333	0.00037346
370.4444	0.00037337
370.5556	0.00037375
370.6667	0.00037337
370.7778	0.00037373
370.8889	0.00037334
371.0000	0.00037370
371.1111	0.00037362
371.2222	0.00037356
371.3333	0.00037361
371.4444	0.00037342
371.5556	0.00037376
371.6667	0.00037325
371.7778	0.00037378
371.8889	0.00037345
372.0000	0.00037370
372.1111	0.00037353
372.2222	0.00037334
372.3333	0.00037339
372.4444	0.00037258
372.5556	0.00037229
372.6667	0.00037378
372.7778	0.00037343
372.8889	0.00037326
373.0000	0.00037324
373.1111	0.00037361
373.2222	0.00037343
373.3333	0.00037358
373.4444	0.00037331
373.5556	0.00037349
373.6667	0.00037343
373.7778	0.00037357
373.8889	0.00037340
374.0000	0.00037327
374.1111	0.00037351
374.2222	0.00037321
374.3333	0.00037356
374.4444	0.00037346
374.5556	0.00037371
374.6667	0.00037339
374.7778	0.00037354
374.8889	0.00037350
375.0000	0.00037336
375.1111	0.00037358
375.2222	0.00037342
375.3333	0.00037348
375.4444	0.00037340
375.5556	0.00037356
375.6667	0.00037343
375.7778	0.00037328
375.8889	0.00037361
376.0000	0.00037337
376.1111	0.00037352
376.2222	0.00037335
376.3333	0.00037357
376.4444	0.00037340
376.5556	0.00037346
376.6667	0.00037337
376.7778	0.00037319
376.8889	0.00037366
377.0000	0.00037333
377.1111	0.00037347
377.2222	0.00037334
377.3333	0.00037319
377.4444	0.00037339
377.5556	0.00037309
377.6667	0.00037352
377.7778	0.00037321
377.8889	0.00037352
378.0000	0.00037317
378.1111	0.00037341
378.2222	0.00037324
378.3333	0.00037321
378.4444	0.00037351
378.5556	0.00037322
378.6667	0.00037342
378.7778	0.00037324
378.8889	0.00037333
379.0000	0.00037342
379.1111	0.00037337
379.2222	0.00037342
379.3333	0.00037310
379.4444	0.00037357
379.5556	0.00037331
379.6667	0.00037348
379.7778	0.00037350
379.8889	0.00037336
380.0000	0.00037318
380.1111	0.00037318
380.2222	0.00037310
380.3333	0.00037334
380.4444	0.00037343
380.5556	0.00037334
380.6667	0.00037333
380.7778	0.00037326
380.8889	0.00037317
381.0000	0.00037342
381.1111	0.00037327
381.2222	0.00037328
381.3333	0.00037311
381.4444	0.00037318
381.5556	0.00037303
381.6667	0.00037318
381.7778	0.00037332
381.8889	0.00037313
382.0000	0.00037329
382.1111	0.00037296
382.2222	0.00037320
382.3333	0.00037309
382.4444	0.00037311
382.5556	0.00037334
382.6667	0.00037324
382.7778	0.00037342
382.8889	0.00037304
383.0000	0.00037307
383.1111	0.00037330
383.2222	0.00037326
383.3333	0.00037334
383.4444	0.00037351
383.5556	0.00037312
383.6667	0.00037318
383.7778	0.00037314
383.8889	0.00037303
384.0000	0.00037319
384.1111	0.00037318
384.2222	0.00037324
384.3333	0.00037326
384.4444	0.00037318
384.5556	0.00037346
384.6667	0.00037323
384.7778	0.00037332
384.8889	0.00037325
385.0000	0.00037303
385.1111	0.00037301
385.2222	0.00037317
385.3333	0.00037320
385.4444	0.00037322
385.5556	0.00037329
385.6667	0.00037314
385.7778	0.00037315
385.8889	0.00037321
386.0000	0.00037322
386.1111	0.00037321
386.2222	0.00037333
386.3333	0.00037310
386.4444	0.00037311
386.5556	0.00037314
386.6667	0.00037334
386.7778	0.00037319
386.8889	0.00037312
387.0000	0.00037324
387.1111	0.00037313
387.2222	0.00037317
387.3333	0.00037321
387.4444	0.00037306
387.5556	0.00037317
387.6667	0.00037313
387.7778	0.00037312
387.8889	0.00037306
388.0000	0.00037320
388.1111	0.00037319
388.2222	0.00037300
388.3333	0.00037300
388.4444	0.00037319
388.5556	0.00037330
388.6667	0.00037323
388.7778	0.00037321
388.8889	0.00037315
389.0000	0.00037304
389.1111	0.00037310
389.2222	0.00037320
389.3333	0.00037310
389.4444	0.00037306
389.5556	0.00037299
389.6667	0.00037304
389.7778	0.00037303
389.8889	0.00037310
390.0000	0.00037310
390.1111	0.00037305
390.2222	0.00037308
390.3333	0.00037304
390.4444	0.00037295
390.5556	0.00037316
390.6667	0.00037311
390.7778	0.00037322
390.8889	0.00037304
391.0000	0.00037297
391.1111	0.00037309
391.2222	0.00037305
391.3333	0.00037317
391.4444	0.00037308
391.5556	0.00037299
391.6667	0.00037307
391.7778	0.00037308
391.8889	0.00037309
392.0000	0.00037294
392.1111	0.00037311
392.2222	0.00037303
392.3333	0.00037304
392.4444	0.00037310
392.5556	0.00037310
392.6667	0.00037307
392.7778	0.00037312
392.8889	0.00037308
393.0000	0.00037297
393.1111	0.00037313
393.2222	0.00037298
393.3333	0.00037310
393.4444	0.00037301
393.5556	0.00037314
393.6667	0.00037315
393.7778	0.00037282
393.8889	0.00037323
394.0000	0.00037295
394.1111	0.00037300
394.2222	0.00037304
394.3333	0.00037290
394.4444	0.00037313
394.5556	0.00037293
394.6667	0.00037305
394.7778	0.00037307
394.8889	0.00037288
395.0000	0.00037301
395.1111	0.00037294
395.2222	0.00037307
395.3333	0.00037298
395.4444	0.00037295
395.5556	0.00037305
395.6667	0.00037301
395.7778	0.00037290
395.8889	0.00037288
396.0000	0.00037310
396.1111	0.00037300
396.2222	0.00037299
396.3333	0.00037289
396.4444	0.00037300
396.5556	0.00037292
396.6667	0.00037305
396.7778	0.00037288
396.8889	0.00037289
397.0000	0.00037287
397.1111	0.00037297
397.2222	0.00037300
397.3333	0.00037298
397.4444	0.00037301
397.5556	0.00037296
397.6667	0.00037304
397.7778	0.00037285
397.8889	0.00037289
398.0000	0.00037285
398.1111	0.00037303
398.2222	0.00037286
398.3333	0.00037299
398.4444	0.00037272
398.5556	0.00037279
398.6667	0.00037294
398.7778	0.00037311
398.8889	0.00037278
399.0000	0.00037276
399.1111	0.00037289
399.2222	0.00037286
399.3333	0.00037293
399.4444	0.00037295
399.5556	0.00037299
399.6667	0.00037279
399.7778	0.00037289
399.8889	0.00037280
400.0000	0.00037284
400.1111	0.00037295
400.2222	0.00037286
400.3333	0.00037297
400.4444	0.00037284
400.5556	0.00037438
400.6667	0.00037460
400.7778	0.00037222
400.8889	0.00037263
401.0000	0.00037281
401.1111	0.00037319
401.2222	0.00037275
401.3333	0.00037279
401.4444	0.00037277
401.5556	0.00037283
401.6667	0.00037272
401.7778	0.00037293
401.8889	0.00037277
402.0000	0.00037278
402.1111	0.00037287
402.2222	0.00037282
402.3333	0.00037287
402.4444	0.00037274
402.5556	0.00037286
402.6667	0.00037279
402.7778	0.00037288
402.8889	0.00037287
403.0000	0.00037288
403.1111	0.00037282
403.2222	0.00037273
403.3333	0.00037255
403.4444	0.00037301
403.5556	0.00037299
403.6667	0.00037276
403.7778	0.00037274
403.8889	0.00037282
404.0000	0.00037274
404.1111	0.00037284
404.2222	0.00037294
404.3333	0.00037285
404.4444	0.00037282
404.5556	0.00037277
404.6667	0.00037299
404.7778	0.00037283
404.8889	0.00037278
405.0000	0.00037275
405.1111	0.00037286
405.2222	0.00037272
405.3333	0.00037269
405.4444	0.00037289
405.5556	0.00037278
405.6667	0.00037284
405.7778	0.00037275
405.8889	0.00037269
406.0000	0.00037265
406.1111	0.00037283
406.2222	0.00037275
406.3333	0.00037283
406.4444	0.00037275
406.5556	0.00037274
406.6667	0.00037271
406.7778	0.00037277
406.8889	0.00037282
407.0000	0.00037264
407.1111	0.00037265
407.2222	0.00037272
407.3333	0.00037280
407.4444	0.00037266
407.5556	0.00037257
407.6667	0.00037277
407.7778	0.00037283
407.8889	0.00037272
408.0000	0.00037274
408.1111	0.00037274
408.2222	0.00037261
408.3333	0.00037272
408.4444	0.00037277
408.5556	0.00037273
408.6667	0.00037273
408.7778	0.00037268
408.8889	0.00037270
409.0000	0.00037264
409.1111	0.00037261
409.2222	0.00037274
409.3333	0.00037274
409.4444	0.00037267
409.5556	0.00037260
409.6667	0.00037264
409.7778	0.00037263
409.8889	0.00037273
410.0000	0.00037270
410.1111	0.00037260
410.2222	0.00037276
410.3333	0.00037264
410.4444	0.00037273
410.5556	0.00037273
410.6667	0.00037266
410.7778	0.00037257
410.8889	0.00037261
411.0000	0.00037264
411.1111	0.00037279
411.2222	0.00037266
411.3333	0.00037263
411.4444	0.00037248
411.5556	0.00037248
411.6667	0.00037259
411.7778	0.00037270
411.8889	0.00037267
412.0000	0.00037272
412.1111	0.00037255
412.2222	0.00037268
412.3333	0.00037262
412.4444	0.00037255
412.5556	0.00037275
412.6667	0.00037258
412.7778	0.00037257
412.8889	0.00037257
413.0000	0.00037256
413.1111	0.00037275
413.2222	0.00037260
413.3333	0.00037261
413.4444	0.00037250
413.5556	0.00037254
413.6667	0.00037276
413.7778	0.00037266
413.8889	0.00037272
414.0000	0.00037254
414.1111	0.00037267
414.2222	0.00037268
414.3333	0.00037251
414.4444	0.00037263
414.5556	0.00037262
414.6667	0.00037256
414.7778	0.00037253
414.8889	0.00037254
415.0000	0.00037251
415.1111	0.00037266
415.2222	0.00037259
415.3333	0.00037266
415.4444	0.00037264
415.5556	0.00037263
415.6667	0.00037252
415.7778	0.00037246
415.8889	0.00037263
416.0000	0.00037267
416.1111	0.00037255
416.2222	0.00037253
416.3333	0.00037256
416.4444	0.00037245
416.5556	0.00037254
416.6667	0.00037251
416.7778	0.00037267
416.8889	0.00037260
417.0000	0.00037256
417.1111	0.00037258
417.2222	0.00037261
417.3333	0.00037254
417.4444	0.00037261
417.5556	0.00037253
417.6667	0.00037266
417.7778	0.00037268
417.8889	0.00037258
418.0000	0.00037254
418.1111	0.00037263
418.2222	0.00037249
418.3333	0.00037245
418.4444	0.00037248
418.5556	0.00037244
418.6667	0.00037260
418.7778	0.00037255
418.8889	0.00037252
419.0000	0.00037239
419.1111	0.00037248
419.2222	0.00037253
419.3333	0.00037248
419.4444	0.00037262
419.5556	0.00037247
419.6667	0.00037245
419.7778	0.00037242
419.8889	0.00037246
420.0000	0.00037246
420.1111	0.00037248
420.2222	0.00037241
420.3333	0.00037242
420.4444	0.00037260
420.5556	0.00037257
420.6667	0.00037253
420.7778	0.00037234
420.8889	0.00037251
421.0000	0.00037253
421.1111	0.00037255
421.2222	0.00037253
421.3333	0.00037231
421.4444	0.00037249
421.5556	0.00037234
421.6667	0.00037250
421.7778	0.00037241
421.8889	0.00037226
422.0000	0.00037239
422.1111	0.00037253
422.2222	0.00037253
422.3333	0.00037249
422.4444	0.00037245
422.5556	0.00037235
422.6667	0.00037244
422.7778	0.00037228
422.8889	0.00037242
423.0000	0.00037248
423.1111	0.00037232
423.2222	0.00037238
423.3333	0.00037237
423.4444	0.00037231
423.5556	0.00037241
423.6667	0.00037234
423.7778	0.00037234
423.8889	0.00037229
424.0000	0.00037242
424.1111	0.00037243
424.2222	0.00037233
424.3333	0.00037226
424.4444	0.00037229
424.5556	0.00037235
424.6667	0.00037244
424.7778	0.00037241
424.8889	0.00037227
425.0000	0.00037220
425.1111	0.00037237
425.2222	0.00037243
425.3333	0.00037225
425.4444	0.00037238
425.5556	0.00037244
425.6667	0.00037228
425.7778	0.00037223
425.8889	0.00037236
426.0000	0.00037234
426.1111	0.00037235
426.2222	0.00037228
426.3333	0.00037226
426.4444	0.00037229
426.5556	0.00037229
426.6667	0.00037234
426.7778	0.00037236
426.8889	0.00037235
427.0000	0.00037233
427.1111	0.00037229
427.2222	0.00037229
427.3333	0.00037228
427.4444	0.00037238
427.5556	0.00037230
427.6667	0.00037223
427.7778	0.00037231
427.8889	0.00037231
428.0000	0.00037233
428.1111	0.00037220
428.2222	0.00037230
428.3333	0.00037229
428.4444	0.00037228
428.5556	0.00037231
428.6667	0.00037224
428.7778	0.00037220
428.8889	0.00037231
429.0000	0.00037251
429.1111	0.00037598
429.2222	0.00037766
429.3333	0.00037920
429.4444	0.00037803
429.5556	0.00042219
429.6667	0.00042677
429.7778	0.00042927
429.8889	0.00043399
430.0000	0.00043083
430.1111	0.00042559
430.2222	0.00043514
430.3333	0.00042541
430.4444	0.00042834
430.5556	0.00042059
430.6667	0.00042647
430.7778	0.00043213
430.8889	0.00042660
431.0000	0.00042981
431.1111	0.00043365
431.2222	0.00042675
431.3333	0.00044008
431.4444	0.00042335
431.5556	0.00042041
431.6667	0.00042770
431.7778	0.00042826
431.8889	0.00042832
432.0000	0.00043508
432.1111	0.00043290
432.2222	0.00042751
432.3333	0.00043117
432.4444	0.00043694
432.5556	0.00042887
432.6667	0.00043501
432.7778	0.00043793
432.8889	0.00043138
433.0000	0.00042476
433.1111	0.00043029
433.2222	0.00043016
433.3333	0.00043356
433.4444	0.00042940
433.5556	0.00043147
433.6667	0.00042721
433.7778	0.00042175
433.8889	0.00042970
434.0000	0.00043207
434.1111	0.00043125
434.2222	0.00042522
434.3333	0.00042867
434.4444	0.00042407
434.5556	0.00042633
434.6667	0.00042192
434.7778	0.00042819
434.8889	0.00043371
435.0000	0.00042531
435.1111	0.00042883
435.2222	0.00042589
435.3333	0.00042976
435.4444	0.00042555
435.5556	0.00043057
435.6667	0.00042657
435.7778	0.00042652
435.8889	0.00042950
436.0000	0.00042241
436.1111	0.00042920
436.2222	0.00042612
436.3333	0.00042801
436.4444	0.00042955
436.5556	0.00043401
436.6667	0.00043495
436.7778	0.00042428
436.8889	0.00043402
437.0000	0.00042580
437.1111	0.00043352
437.2222	0.00042714
437.3333	0.00042580
437.4444	0.00042755
437.5556	0.00043038
437.6667	0.00042469
437.7778	0.00042551
437.8889	0.00042409
438.0000	0.00042909
438.1111	0.00042324
438.2222	0.00042685
438.3333	0.00042877
438.4444	0.00043048
438.5556	0.00042669
438.6667	0.00042634
438.7778	0.00042006
438.8889	0.00042105
439.0000	0.00042855
439.1111	0.00042605
439.2222	0.00042474
439.3333	0.00042956
439.4444	0.00043535
439.5556	0.00042781
439.6667	0.00043472
439.7778	0.00042112
439.8889	0.00042317
440.0000	0.00043300
440.1111	0.00042551
440.2222	0.00042820
440.3333	0.00042287
440.4444	0.00042127
440.5556	0.00042433
440.6667	0.00042316
440.7778	0.00041788
440.8889	0.00042403
441.0000	0.00042219
441.1111	0.00043174
441.2222	0.00042538
441.3333	0.00043162
441.4444	0.00041920
441.5556	0.00043126
441.6667	0.00041951
441.7778	0.00043249
441.8889	0.00042212
442.0000	0.00041808
442.1111	0.00042959
442.2222	0.00042536
442.3333	0.00042482
442.4444	0.00042136
442.5556	0.00041879
442.6667	0.00042623
442.7778	0.00042276
442.8889	0.00042447
443.0000	0.00042708
443.1111	0.00042650
443.2222	0.00043026
443.3333	0.00042618
443.4444	0.00042396
443.5556	0.00042430
443.6667	0.00042033
443.7778	0.00042632
443.8889	0.00042700
444.0000	0.00042031
444.1111	0.00042347
444.2222	0.00042272
444.3333	0.00042305
444.4444	0.00042313
444.5556	0.00042909
444.6667	0.00042595
444.7778	0.00043156
444.8889	0.00042775
445.0000	0.00042585
445.1111	0.00042525
445.2222	0.00042403
445.3333	0.00042938
445.4444	0.00042858
445.5556	0.00042546
445.6667	0.00041725
445.7778	0.00042300
445.8889	0.00042773
446.0000	0.00042563
446.1111	0.00042524
446.2222	0.00042327
446.3333	0.00042186
446.4444	0.00042672
446.5556	0.00042518
446.6667	0.00042251
446.7778	0.00042015
446.8889	0.00042008
447.0000	0.00042829
447.1111	0.00042773
447.2222	0.00041809
447.3333	0.00042199
447.4444	0.00041676
447.5556	0.00042050
447.6667	0.00042881
447.7778	0.00042156
447.8889	0.00041873
448.0000	0.00042091
448.1111	0.00042466
448.2222	0.00042143
448.3333	0.00042120
448.4444	0.00042523
448.5556	0.00042557
448.6667	0.00042593
448.7778	0.00042345
448.8889	0.00041664
449.0000	0.00042350
449.1111	0.00042196
449.2222	0.00042032
449.3333	0.00042583
449.4444	0.00042826
449.5556	0.00042225
449.6667	0.00041867
449.7778	0.00042348
449.8889	0.00041980
450.0000	0.00042357
450.1111	0.00041806
450.2222	0.00041971
450.3333	0.00042406
450.4444	0.00042982
450.5556	0.00041883
450.6667	0.00041547
450.7778	0.00042217
450.8889	0.00042325
451.0000	0.00041890
451.1111	0.00042360
451.2222	0.00042582
451.3333	0.00041927
451.4444	0.00042712
451.5556	0.00041975
451.6667	0.00042483
451.7778	0.00041855
451.8889	0.00042195
452.0000	0.00041761
452.1111	0.00042124
452.2222	0.00042111
452.3333	0.00042155
452.4444	0.00042507
452.5556	0.00041901
452.6667	0.00042249
452.7778	0.00042551
452.8889	0.00041988
453.0000	0.00042281
453.1111	0.00042478
453.2222	0.00042143
453.3333	0.00042084
453.4444	0.00042349
453.5556	0.00042022
453.6667	0.00042220
453.7778	0.00041832
453.8889	0.00042467
454.0000	0.00042118
454.1111	0.00042273
454.2222	0.00041813
454.3333	0.00041833
454.4444	0.00042112
454.5556	0.00041905
454.6667	0.00042326
454.7778	0.00042415
454.8889	0.00041972
455.0000	0.00041792
455.1111	0.00042244
455.2222	0.00042235
455.3333	0.00042026
455.4444	0.00042138
455.5556	0.00042387
455.6667	0.00042122
455.7778	0.00042319
455.8889	0.00042459
456.0000	0.00041961
456.1111	0.00042440
456.2222	0.00042100
456.3333	0.00042623
456.4444	0.00042158
456.5556	0.00042357
456.6667	0.00041794
456.7778	0.00041636
456.8889	0.00042135
457.0000	0.00042098
457.1111	0.00042012
457.2222	0.00041606
457.3333	0.00041993
457.4444	0.00042151
457.5556	0.00042095
457.6667	0.00041790
457.7778	0.00041816
457.8889	0.00042112
458.0000	0.00042346
458.1111	0.00042062
458.2222	0.00042180
458.3333	0.00042216
458.4444	0.00042209
458.5556	0.00042007
458.6667	0.00042446
458.7778	0.00042143
458.8889	0.00042246
459.0000	0.00041555
459.1111	0.00042356
459.2222	0.00042011
459.3333	0.00041907
459.4444	0.00042220
459.5556	0.00041557
459.6667	0.00042596
459.7778	0.00041670
459.8889	0.00041969
460.0000	0.00041871
460.1111	0.00042036
460.2222	0.00042063
460.3333	0.00042057
460.4444	0.00041761
460.5556	0.00041859
460.6667	0.00042592
460.7778	0.00041806
460.8889	0.00042176
461.0000	0.00041863
461.1111	0.00041799
461.2222	0.00041919
461.3333	0.00041726
461.4444	0.00042061
461.5556	0.00041711
461.6667	0.00041840
461.7778	0.00041941
461.8889	0.00041546
462.0000	0.00042025
462.1111	0.00041900
462.2222	0.00041806
462.3333	0.00041925
462.4444	0.00041642
462.5556	0.00042295
462.6667	0.00041552
462.7778	0.00042212
462.8889	0.00041917
463.0000	0.00041814
463.1111	0.00041964
463.2222	0.00041621
463.3333	0.00041959
463.4444	0.00041859
463.5556	0.00041706
463.6667	0.00041799
463.7778	0.00041626
463.8889	0.00042062
464.0000	0.00041766
464.1111	0.00041994
464.2222	0.00041421
464.3333	0.00041714
464.4444	0.00041959
464.5556	0.00041826
464.6667	0.00041797
464.7778	0.00042210
464.8889	0.00041562
465.0000	0.00041908
465.1111	0.00041617
465.2222	0.00042166
465.3333	0.00041773
465.4444	0.00041606
465.5556	0.00041652
465.6667	0.00041889
465.7778	0.00041391
465.8889	0.00041936
466.0000	0.00041749
466.1111	0.00041498
466.2222	0.00042007
466.3333	0.00041642
466.4444	0.00041563
466.5556	0.00041851
466.6667	0.00041505
466.7778	0.00041488
466.8889	0.00041802
467.0000	0.00041499
467.1111	0.00041837
467.2222	0.00041752
467.3333	0.00041816
467.4444	0.00041746
467.5556	0.00041845
467.6667	0.00041794
467.7778	0.00041408
467.8889	0.00041559
468.0000	0.00042066
468.1111	0.00041443
468.2222	0.00041927
468.3333	0.00041381
468.4444	0.00041625
468.5556	0.00041245
468.6667	0.00041885
468.7778	0.00041836
468.8889	0.00041414
469.0000	0.00041709
469.1111	0.00041945
469.2222	0.00041621
469.3333	0.00041777
469.4444	0.00041828
469.5556	0.00041879
469.6667	0.00041540
469.7778	0.00041633
469.8889	0.00041783
470.0000	0.00041783
470.1111	0.00041887
470.2222	0.00041794
470.3333	0.00041614
470.4444	0.00041559
470.5556	0.00041403
470.6667	0.00041598
470.7778	0.00041868
470.8889	0.00042088
471.0000	0.00041361
471.1111	0.00041942
471.2222	0.00041640
471.3333	0.00041598
471.4444	0.00041455
471.5556	0.00041500
471.6667	0.00041425
471.7778	0.00041918
471.8889	0.00041531
472.0000	0.00041858
472.1111	0.00041457
472.2222	0.00041574
472.3333	0.00041823
472.4444	0.00041242
472.5556	0.00041621
472.6667	0.00041579
472.7778	0.00041700
472.8889	0.00041487
473.0000	0.00041472
473.1111	0.00041845
473.2222	0.00041731
473.3333	0.00041519
473.4444	0.00041424
473.5556	0.00041448
473.6667	0.00041695
473.7778	0.00041387
473.8889	0.00041675
474.0000	0.00041718
474.1111	0.00041429
474.2222	0.00042005
474.3333	0.00041184
474.4444	0.00041660
474.5556	0.00041556
474.6667	0.00041638
474.7778	0.00041771
474.8889	0.00041442
475.0000	0.00041870
475.1111	0.00041545
475.2222	0.00041292
475.3333	0.00041407
475.4444	0.00041405
475.5556	0.00041572
475.6667	0.00041473
475.7778	0.00041884
475.8889	0.00041575
476.0000	0.00041565
476.1111	0.00041414
476.2222	0.00041569
476.3333	0.00041643
476.4444	0.00041527
476.5556	0.00041582
476.6667	0.00041575
476.7778	0.00041397
476.8889	0.00041605
477.0000	0.00041536
477.1111	0.00041385
477.2222	0.00041657
477.3333	0.00041201
477.4444	0.00041676
477.5556	0.00041287
477.6667	0.00041316
477.7778	0.00041459
477.8889	0.00041202
478.0000	0.00041373
478.1111	0.00041410
478.2222	0.00041826
478.3333	0.00041524
478.4444	0.00041524
478.5556	0.00041464
478.6667	0.00041367
478.7778	0.00041783
478.8889	0.00041424
479.0000	0.00041487
479.1111	0.00041584
479.2222	0.00041400
479.3333	0.00041264
479.4444	0.00041631
479.5556	0.00041589
479.6667	0.00041674
479.7778	0.00041419
479.8889	0.00041502
480.0000	0.00041425
480.1111	0.00041756
480.2222	0.00041268
480.3333	0.00041931
480.4444	0.00041596
480.5556	0.00041794
480.6667	0.00041769
480.7778	0.00041334
480.8889	0.00041411
481.0000	0.00041352
481.1111	0.00041286
481.2222	0.00041422
481.3333	0.00041760
481.4444	0.00041817
481.5556	0.00041572
481.6667	0.00041497
481.7778	0.00041038
481.8889	0.00041513
482.0000	0.00041343
482.1111	0.00041294
482.2222	0.00041448
482.3333	0.00041417
482.4444	0.00041307
482.5556	0.00041350
482.6667	0.00041500
482.7778	0.00041332
482.8889	0.00041319
483.0000	0.00041282
483.1111	0.00041128
483.2222	0.00041848
483.3333	0.00041357
483.4444	0.00041334
483.5556	0.00041462
483.6667	0.00041207
483.7778	0.00041395
483.8889	0.00041459
484.0000	0.00041430
484.1111	0.00041457
484.2222	0.00041297
484.3333	0.00041453
484.4444	0.00041468
484.5556	0.00041265
484.6667	0.00041398
484.7778	0.00041208
484.8889	0.00041205
485.0000	0.00041480
485.1111	0.00041323
485.2222	0.00041657
485.3333	0.00041529
485.4444	0.00041299
485.5556	0.00041411
485.6667	0.00041311
485.7778	0.00041506
485.8889	0.00041389
486.0000	0.00041325
486.1111	0.00041356
486.2222	0.00041396
486.3333	0.00041350
486.4444	0.00041370
486.5556	0.00041450
486.6667	0.00041153
486.7778	0.00041451
486.8889	0.00041407
487.0000	0.00041242
487.1111	0.00041330
487.2222	0.00041334
487.3333	0.00041196
487.4444	0.00041424
487.5556	0.00041384
487.6667	0.00041562
487.7778	0.00041371
487.8889	0.00041180
488.0000	0.00041118
488.1111	0.00041327
488.2222	0.00041468
488.3333	0.00041443
488.4444	0.00041271
488.5556	0.00041518
488.6667	0.00041095
488.7778	0.00041336
488.8889	0.00041214
489.0000	0.00041296
489.1111	0.00041129
489.2222	0.00041454
489.3333	0.00041179
489.4444	0.00041460
489.5556	0.00041252
489.6667	0.00041748
489.7778	0.00041290
489.8889	0.00041361
490.0000	0.00041299
490.1111	0.00041302
490.2222	0.00041401
490.3333	0.00041273
490.4444	0.00041317
490.5556	0.00041434
490.6667	0.00041363
490.7778	0.00041260
490.8889	0.00041237
491.0000	0.00041253
491.1111	0.00041211
491.2222	0.00041187
491.3333	0.00041374
491.4444	0.00041394
491.5556	0.00041391
491.6667	0.00041353
491.7778	0.00041180
491.8889	0.00041126
492.0000	0.00041255
492.1111	0.00041277
492.2222	0.00041534
492.3333	0.00041234
492.4444	0.00041375
492.5556	0.00041154
492.6667	0.00041327
492.7778	0.00041271
492.8889	0.00041486
493.0000	0.00041512
493.1111	0.00041198
493.2222	0.00041468
493.3333	0.00041246
493.4444	0.00041503
493.5556	0.00041404
493.6667	0.00041190
493.7778	0.00041313
493.8889	0.00041115
494.0000	0.00041175
494.1111	0.00041157
494.2222	0.00041275
494.3333	0.00041367
494.4444	0.00041319
494.5556	0.00041275
494.6667	0.00041426
494.7778	0.00041328
494.8889	0.00041140
495.0000	0.00041315
495.1111	0.00041309
495.2222	0.00041058
495.3333	0.00041140
495.4444	0.00041235
495.5556	0.00041189
495.6667	0.00041255
495.7778	0.00041179
495.8889	0.00041246
496.0000	0.00041075
496.1111	0.00041310
496.2222	0.00041409
496.3333	0.00041167
496.4444	0.00041419
496.5556	0.00041097
496.6667	0.00041054
496.7778	0.00041266
496.8889	0.00041204
497.0000	0.00041188
497.1111	0.00041193
497.2222	0.00041155
497.3333	0.00041204
497.4444	0.00041133
497.5556	0.00041284
497.6667	0.00041212
497.7778	0.00041341
497.8889	0.00041029
498.0000	0.00041084
498.1111	0.00041190
498.2222	0.00041241
498.3333	0.00041366
498.4444	0.00041363
498.5556	0.00041234
498.6667	0.00041354
498.7778	0.00041241
498.8889	0.00041301
499.0000	0.00041253
499.1111	0.00041103
499.2222	0.00041123
499.3333	0.00041159
499.4444	0.00041362
499.5556	0.00041166
499.6667	0.00041202
499.7778	0.00041361
499.8889	0.00040999
500.0000	0.00041100
500.1111	0.00041163
500.2222	0.00041238
500.3333	0.00041094
500.4444	0.00041197
500.5556	0.00041050
500.6667	0.00041075
500.7778	0.00041114
500.8889	0.00041258
501.0000	0.00041124
501.1111	0.00041128
501.2222	0.00041417
501.3333	0.00041029
501.4444	0.00041184
501.5556	0.00040844
501.6667	0.00040996
501.7778	0.00041078
501.8889	0.00041190
502.0000	0.00041085
502.1111	0.00041160
502.2222	0.00041074
502.3333	0.00041252
502.4444	0.00041274
502.5556	0.00041284
502.6667	0.00041160
502.7778	0.00041201
502.8889	0.00041078
503.0000	0.00041078
503.1111	0.00041158
503.2222	0.00041119
503.3333	0.00041267
503.4444	0.00041116
503.5556	0.00041074
503.6667	0.00041277
503.7778	0.00041157
503.8889	0.00041214
504.0000	0.00041142
504.1111	0.00041186
504.2222	0.00041103
504.3333	0.00040951
504.4444	0.00041088
504.5556	0.00041126
504.6667	0.00041263
504.7778	0.00041036
504.8889	0.00041038
505.0000	0.00041083
505.1111	0.00041201
505.2222	0.00041230
505.3333	0.00041102
505.4444	0.00041045
505.5556	0.00041147
505.6667	0.00040972
505.7778	0.00041296
505.8889	0.00041100
506.0000	0.00041036
506.1111	0.00041180
506.2222	0.00041079
506.3333	0.00040891
506.4444	0.00041018
506.5556	0.00041160
506.6667	0.00040963
506.7778	0.00041086
506.8889	0.00041175
507.0000	0.00041040
507.1111	0.00041214
507.2222	0.00040869
507.3333	0.00041115
507.4444	0.00040958
507.5556	0.00041077
507.6667	0.00041087
507.7778	0.00041120
507.8889	0.00041074
508.0000	0.00041087
508.1111	0.00041159
508.2222	0.00041173
508.3333	0.00041024
508.4444	0.00041138
508.5556	0.00041036
508.6667	0.00040837
508.7778	0.00041091
508.8889	0.00041156
509.0000	0.00040998
509.1111	0.00040982
509.2222	0.00041083
509.3333	0.00040945
509.4444	0.00040948
509.5556	0.00041192
509.6667	0.00041047
509.7778	0.00041271
509.8889	0.00041241
510.0000	0.00041095
510.1111	0.00040996
510.2222	0.00041078
510.3333	0.00041023
510.4444	0.00041095
510.5556	0.00041187
510.6667	0.00040941
510.7778	0.00041174
510.8889	0.00041057
511.0000	0.00041048
511.1111	0.00041050
511.2222	0.00041057
511.3333	0.00041151
511.4444	0.00041116
511.5556	0.00041051
511.6667	0.00040925
511.7778	0.00040998
511.8889	0.00040875
512.0000	0.00041058
512.1111	0.00041045
512.2222	0.00041080
512.3333	0.00041009
512.4444	0.00041043
512.5556	0.00041167
512.6667	0.00040978
512.7778	0.00041024
512.8889	0.00041066
513.0000	0.00041046
513.1111	0.00040980
513.2222	0.00040930
513.3333	0.00041074
513.4444	0.00040764
513.5556	0.00041000
513.6667	0.00040981
513.7778	0.00040981
513.8889	0.00041000
514.0000	0.00041131
514.1111	0.00040970
514.2222	0.00040887
514.3333	0.00040812
514.4444	0.00041020
514.5556	0.00041007
514.6667	0.00040812
514.7778	0.00041011
514.8889	0.00040857
515.0000	0.00040988
515.1111	0.00040979
515.2222	0.00041160
515.3333	0.00040989
515.4444	0.00040913
515.5556	0.00041090
515.6667	0.00040751
515.7778	0.00040995
515.8889	0.00040905
516.0000	0.00040954
516.1111	0.00041021
516.2222	0.00041061
516.3333	0.00040886
516.4444	0.00040757
516.5556	0.00041124
516.6667	0.00040765
516.7778	0.00040979
516.8889	0.00040951
517.0000	0.00040892
517.1111	0.00040875
517.2222	0.00041037
517.3333	0.00040933
517.4444	0.00040947
517.5556	0.00040988
517.6667	0.00040952
517.7778	0.00040889
517.8889	0.00040978
518.0000	0.00040988
518.1111	0.00041084
518.2222	0.00040970
518.3333	0.00040825
518.4444	0.00040809
518.5556	0.00041029
518.6667	0.00041080
518.7778	0.00040868
518.8889	0.00040832
519.0000	0.00041181
519.1111	0.00040833
519.2222	0.00041109
519.3333	0.00040736
519.4444	0.00040777
519.5556	0.00040831
519.6667	0.00040950
519.7778	0.00041034
519.8889	0.00041108
520.0000	0.00040834
520.1111	0.00040933
520.2222	0.00040727
520.3333	0.00040768
520.4444	0.00040871
520.5556	0.00040917
520.6667	0.00040750
520.7778	0.00040834
520.8889	0.00040692
521.0000	0.00040577
521.1111	0.00040880
521.2222	0.00041005
521.3333	0.00040716
521.4444	0.00040884
521.5556	0.00040675
521.6667	0.00041076
521.7778	0.00040441
521.8889	0.00040976
522.0000	0.00041098
522.1111	0.00040598
522.2222	0.00041072
522.3333	0.00041752
522.4444	0.00041668
522.5556	0.00040316
522.6667	0.00041521
522.7778	0.00041125
522.8889	0.00040697
523.0000	0.00041034
523.1111	0.00040565
523.2222	0.00040968
523.3333	0.00040718
523.4444	0.00040585
523.5556	0.00040730
523.6667	0.00040720
523.7778	0.00040864
523.8889	0.00040732
524.0000	0.00040690
524.1111	0.00040703
524.2222	0.00040700
524.3333	0.00040734
524.4444	0.00040712
524.5556	0.00040706
524.6667	0.00040747
524.7778	0.00040711
524.8889	0.00040706
525.0000	0.00040713
525.1111	0.00040697
525.2222	0.00040717
525.3333	0.00040696
525.4444	0.00040711
525.5556	0.00040698
525.6667	0.00040709
525.7778	0.00040694
525.8889	0.00040680
526.0000	0.00040696
526.1111	0.00040672
526.2222	0.00040704
526.3333	0.00040691
526.4444	0.00040699
526.5556	0.00040694
526.6667	0.00040706
526.7778	0.00040689
526.8889	0.00040685
527.0000	0.00040699
527.1111	0.00040688
527.2222	0.00040700
527.3333	0.00040685
527.4444	0.00040707
527.5556	0.00040698
527.6667	0.00040679
527.7778	0.00040689
527.8889	0.00040685
528.0000	0.00040698
528.1111	0.00040691
528.2222	0.00040690
528.3333	0.00040679
528.4444	0.00040689
528.5556	0.00040695
528.6667	0.00040700
528.7778	0.00040682
528.8889	0.00040671
529.0000	0.00040702
529.1111	0.00040697
529.2222	0.00040700
529.3333	0.00040684
529.4444	0.00040682
529.5556	0.00040696
529.6667	0.00040675
529.7778	0.00040680
529.8889	0.00040650
530.0000	0.00040674
530.1111	0.00040671
530.2222	0.00040677
530.3333	0.00040685
530.4444	0.00040689
530.5556	0.00040676
530.6667	0.00040694
530.7778	0.00040684
530.8889	0.00040680
531.0000	0.00040686
531.1111	0.00040679
531.2222	0.00040716
531.3333	0.00040716
531.4444	0.00040684
531.5556	0.00040682
531.6667	0.00040671
531.7778	0.00040689
531.8889	0.00040695
532.0000	0.00040690
532.1111	0.00040666
532.2222	0.00040663
532.3333	0.00040660
532.4444	0.00040692
532.5556	0.00040690
532.6667	0.00040686
532.7778	0.00040676
532.8889	0.00040675
533.0000	0.00040687
533.1111	0.00040679
533.2222	0.00040687
533.3333	0.00040673
533.4444	0.00040682
533.5556	0.00040678
533.6667	0.00040662
533.7778	0.00040675
533.8889	0.00040672
534.0000	0.00040681
534.1111	0.00040668
534.2222	0.00040677
534.3333	0.00040676
534.4444	0.00040678
534.5556	0.00040679
534.6667	0.00040674
534.7778	0.00040670
534.8889	0.00040679
535.0000	0.00040690
535.1111	0.00040676
535.2222	0.00040672
535.3333	0.00040661
535.4444	0.00040682
535.5556	0.00040673
535.6667	0.00040671
535.7778	0.00040678
535.8889	0.00040685
536.0000	0.00040687
536.1111	0.00040676
536.2222	0.00040666
536.3333	0.00040669
536.4444	0.00040668
536.5556	0.00040669
536.6667	0.00040674
536.7778	0.00040681
536.8889	0.00040662
537.0000	0.00040669
537.1111	0.00040655
537.2222	0.00040681
537.3333	0.00040667
537.4444	0.00040663
537.5556	0.00040660
537.6667	0.00040663
537.7778	0.00040684
537.8889	0.00040668
538.0000	0.00040684
538.1111	0.00040637
538.2222	0.00040585
538.3333	0.00040641
538.4444	0.00040678
538.5556	0.00040676
538.6667	0.00040647
538.7778	0.00040664
538.8889	0.00040671
539.0000	0.00040673
539.1111	0.00040656
539.2222	0.00040650
539.3333	0.00040650
539.4444	0.00040672
539.5556	0.00040660
539.6667	0.00040667
539.7778	0.00040675
539.8889	0.00040671
540.0000	0.00040680
540.1111	0.00040665
540.2222	0.00040653
540.3333	0.00040649
540.4444	0.00040649
540.5556	0.00040632
540.6667	0.00040642
540.7778	0.00040637
540.8889	0.00040640
541.0000	0.00040648
541.1111	0.00040636
541.2222	0.00040646
541.3333	0.00040638
541.4444	0.00040650
541.5556	0.00040657
541.6667	0.00040672
541.7778	0.00040644
541.8889	0.00040666
542.0000	0.00040651
542.1111	0.00040655
542.2222	0.00040640
542.3333	0.00040640
542.4444	0.00040649
542.5556	0.00040654
542.6667	0.00040649
542.7778	0.00040639
542.8889	0.00040652
543.0000	0.00040657
543.1111	0.00040649
543.2222	0.00040659
543.3333	0.00040654
543.4444	0.00040607
543.5556	0.00040644
543.6667	0.00040646
543.7778	0.00040661
543.8889	0.00040647
544.0000	0.00040659
544.1111	0.00040654
544.2222	0.00040654
544.3333	0.00040646
544.4444	0.00040666
544.5556	0.00040664
544.6667	0.00040647
544.7778	0.00040648
544.8889	0.00040651
545.0000	0.00040653
545.1111	0.00040661
545.2222	0.00040660
545.3333	0.00040651
545.4444	0.00040655
545.5556	0.00040651
545.6667	0.00040653
545.7778	0.00040654
545.8889	0.00040653
546.0000	0.00040660
546.1111	0.00040647
546.2222	0.00040651
546.3333	0.00040660
546.4444	0.00040662
546.5556	0.00040659
546.6667	0.00040644
546.7778	0.00040649
546.8889	0.00040643
547.0000	0.00040640
547.1111	0.00040642
547.2222	0.00040653
547.3333	0.00040657
547.4444	0.00040653
547.5556	0.00040655
547.6667	0.00040650
547.7778	0.00040634
547.8889	0.00040633
548.0000	0.00040656
548.1111	0.00040644
548.2222	0.00040643
548.3333	0.00040649
548.4444	0.00040652
548.5556	0.00040667
548.6667	0.00040648
548.7778	0.00040641
548.8889	0.00040651
549.0000	0.00040645
549.1111	0.00040644
549.2222	0.00040639
549.3333	0.00040647
549.4444	0.00040648
549.5556	0.00040638
549.6667	0.00040632
549.7778	0.00040651
549.8889	0.00040631
550.0000	0.00040640
550.1111	0.00040632
550.2222	0.00040632
550.3333	0.00040647
550.4444	0.00040634
550.5556	0.00040649
550.6667	0.00040649
550.7778	0.00040641
550.8889	0.00040636
551.0000	0.00040654
551.1111	0.00040631
551.2222	0.00040642
551.3333	0.00040630
551.4444	0.00040634
551.5556	0.00040632
551.6667	0.00040651
551.7778	0.00040643
551.8889	0.00040635
552.0000	0.00040629
552.1111	0.00040618
552.2222	0.00040640
552.3333	0.00040636
552.4444	0.00040627
552.5556	0.00040627
552.6667	0.00040638
552.7778	0.00040638
552.8889	0.00040631
553.0000	0.00040623
553.1111	0.00040606
553.2222	0.00040628
553.3333	0.00040643
553.4444	0.00040646
553.5556	0.00040624
553.6667	0.00040633
553.7778	0.00040630
553.8889	0.00040637
554.0000	0.00040630
554.1111	0.00040629
554.2222	0.00040622
554.3333	0.00040639
554.4444	0.00040615
554.5556	0.00040609
554.6667	0.00040637
554.7778	0.00040634
554.8889	0.00040628
555.0000	0.00040612
555.1111	0.00040633
555.2222	0.00040634
555.3333	0.00040615
555.4444	0.00040624
555.5556	0.00040638
555.6667	0.00040652
555.7778	0.00040630
555.8889	0.00040622
556.0000	0.00040623
556.1111	0.00040618
556.2222	0.00040637
556.3333	0.00040634
556.4444	0.00040641
556.5556	0.00040637
556.6667	0.00040630
556.7778	0.00040621
556.8889	0.00040625
557.0000	0.00040644
557.1111	0.00040647
557.2222	0.00040652
557.3333	0.00040627
557.4444	0.00040624
557.5556	0.00040623
557.6667	0.00040656
557.7778	0.00040604
557.8889	0.00040610
558.0000	0.00040622
558.1111	0.00040605
558.2222	0.00040611
558.3333	0.00040613
558.4444	0.00040635
558.5556	0.00040623
558.6667	0.00040627
558.7778	0.00040631
558.8889	0.00040615
559.0000	0.00040620
559.1111	0.00040626
559.2222	0.00040624
559.3333	0.00040627
559.4444	0.00040603
559.5556	0.00040647
559.6667	0.00040638
559.7778	0.00040623
559.8889	0.00040622
560.0000	0.00040626
560.1111	0.00040611
560.2222	0.00040627
560.3333	0.00040628
560.4444	0.00040616
560.5556	0.00040599
560.6667	0.00040623
560.7778	0.00040611
560.8889	0.00040621
561.0000	0.00040616
561.1111	0.00040615
561.2222	0.00040608
561.3333	0.00040598
561.4444	0.00040614
561.5556	0.00040622
561.6667	0.00040636
561.7778	0.00040617
561.8889	0.00040598
562.0000	0.00040593
562.1111	0.00040614
562.2222	0.00040613
562.3333	0.00040628
562.4444	0.00040609
562.5556	0.00040608
562.6667	0.00040615
562.7778	0.00040603
562.8889	0.00040613
563.0000	0.00040615
563.1111	0.00040611
563.2222	0.00040628
563.3333	0.00040613
563.4444	0.00040615
563.5556	0.00040613
563.6667	0.00040614
563.7778	0.00040605
563.8889	0.00040619
564.0000	0.00040612
564.1111	0.00040608
564.2222	0.00040608
564.3333	0.00040613
564.4444	0.00040609
564.5556	0.00040603
564.6667	0.00040615
564.7778	0.00040605
564.8889	0.00040608
565.0000	0.00040616
565.1111	0.00040620
565.2222	0.00040616
565.3333	0.00040610
565.4444	0.00040615
565.5556	0.00040613
565.6667	0.00040618
565.7778	0.00040618
565.8889	0.00040617
566.0000	0.00040618
566.1111	0.00040607
566.2222	0.00040628
566.3333	0.00040614
566.4444	0.00040613
566.5556	0.00040610
566.6667	0.00040611
566.7778	0.00040621
566.8889	0.00040620
567.0000	0.00040611
567.1111	0.00040620
567.2222	0.00040613
567.3333	0.00040616
567.4444	0.00040606
567.5556	0.00040612
567.6667	0.00040609
567.7778	0.00040612
567.8889	0.00040602
568.0000	0.00040614
568.1111	0.00040597
568.2222	0.00040612
568.3333	0.00040620
568.4444	0.00040621
568.5556	0.00040617
568.6667	0.00040604
568.7778	0.00040597
568.8889	0.00040608
569.0000	0.00040610
569.1111	0.00040595
569.2222	0.00040592
569.3333	0.00040592
569.4444	0.00040607
569.5556	0.00040612
569.6667	0.00040613
569.7778	0.00040608
569.8889	0.00040588
570.0000	0.00040600
570.1111	0.00040621
570.2222	0.00040626
570.3333	0.00040596
570.4444	0.00040604
570.5556	0.00040598
570.6667	0.00040594
570.7778	0.00040596
570.8889	0.00040612
571.0000	0.00040599
571.1111	0.00040602
571.2222	0.00040605
571.3333	0.00040601
571.4444	0.00040594
571.5556	0.00040621
571.6667	0.00040608
571.7778	0.00040593
571.8889	0.00040588
572.0000	0.00040599
572.1111	0.00040606
572.2222	0.00040623
572.3333	0.00040602
572.4444	0.00040593
572.5556	0.00040589
572.6667	0.00040594
572.7778	0.00040605
572.8889	0.00040609
573.0000	0.00040602
573.1111	0.00040606
573.2222	0.00040585
573.3333	0.00040596
573.4444	0.00040600
573.5556	0.00040602
573.6667	0.00040611
573.7778	0.00040598
573.8889	0.00040587
574.0000	0.00040605
574.1111	0.00040597
574.2222	0.00040589
574.3333	0.00040578
574.4444	0.00040597
574.5556	0.00040598
574.6667	0.00040599
574.7778	0.00040597
574.8889	0.00040596
575.0000	0.00040584
575.1111	0.00040592
575.2222	0.00040601
575.3333	0.00040586
575.4444	0.00040584
575.5556	0.00040584
575.6667	0.00040590
575.7778	0.00040591
575.8889	0.00040603
576.0000	0.00040600
576.1111	0.00040586
576.2222	0.00040590
576.3333	0.00040579
576.4444	0.00040577
576.5556	0.00040587
576.6667	0.00040577
576.7778	0.00040580
576.8889	0.00040579
577.0000	0.00040596
577.1111	0.00040575
577.2222	0.00040586
577.3333	0.00040575
577.4444	0.00040570
577.5556	0.00040573
577.6667	0.00040580
577.7778	0.00040599
577.8889	0.00040590
578.0000	0.00040589
578.1111	0.00040577
578.2222	0.00040588
578.3333	0.00040588
578.4444	0.00040584
578.5556	0.00040588
578.6667	0.00040570
578.7778	0.00040602
578.8889	0.00040584
579.0000	0.00040594
579.1111	0.00040594
579.2222	0.00040585
579.3333	0.00040584
579.4444	0.00040592
579.5556	0.00040580
579.6667	0.00040587
579.7778	0.00040593
579.8889	0.00040582
580.0000	0.00040583
580.1111	0.00040584
580.2222	0.00040593
580.3333	0.00040584
580.4444	0.00040584
580.5556	0.00040585
580.6667	0.00040590
580.7778	0.00040583
580.8889	0.00040572
581.0000	0.00040567
581.1111	0.00040583
581.2222	0.00040571
581.3333	0.00040580
581.4444	0.00040584
581.5556	0.00040572
581.6667	0.00040569
581.7778	0.00040574
581.8889	0.00040559
582.0000	0.00040559
582.1111	0.00040565
582.2222	0.00040570
582.3333	0.00040560
582.4444	0.00040567
582.5556	0.00040573
582.6667	0.00040579
582.7778	0.00040578
582.8889	0.00040578
583.0000	0.00040580
583.1111	0.00040583
583.2222	0.00040580
583.3333	0.00040558
583.4444	0.00040558
583.5556	0.00040575
583.6667	0.00040574
583.7778	0.00040574
583.8889	0.00040568
584.0000	0.00040568
584.1111	0.00040576
584.2222	0.00040569
584.3333	0.00040560
584.4444	0.00040566
584.5556	0.00040568
584.6667	0.00040582
584.7778	0.00040575
584.8889	0.00040564
585.0000	0.00040573
585.1111	0.00040578
585.2222	0.00040572
585.3333	0.00040560
585.4444	0.00040563
585.5556	0.00040574
585.6667	0.00040573
585.7778	0.00040566
585.8889	0.00040567
586.0000	0.00040555
586.1111	0.00040564
586.2222	0.00040575
586.3333	0.00040564
586.4444	0.00040576
586.5556	0.00040574
586.6667	0.00040566
586.7778	0.00040565
586.8889	0.00040560
587.0000	0.00040571
587.1111	0.00040570
587.2222	0.00040575
